family,rank,instance,solver,logical_seed,rep,arm,mode_family,env_overrides_json,policy_seed
T1,1,T1_50_1000_0.wclq,deep-v6,1,1,dbs_only,dbs,"{""MWDS_AQ_MODE"": ""dbs""}",20260527
T1,1,T1_50_1000_0.wclq,deep-v6,1,2,heavy_probe,guarded,"{""MWDS_AQ_HEAVY_ANTS"": ""7"", ""MWDS_AQ_HEAVY_PROBE_FRAC"": ""0.25"", ""MWDS_AQ_MIN_FIRST_GAP"": ""0.0"", ""MWDS_AQ_MODE"": ""guarded"", ""MWDS_DEEP_AQ_T1LIKE_PROBE_FRAC"": ""0.25""}",20260527
T1,1,T1_50_1000_0.wclq,deep-v6,2,1,light_probe,guarded,"{""MWDS_AQ_MIN_FIRST_GAP"": ""0.0"", ""MWDS_AQ_MODE"": ""guarded"", ""MWDS_AQ_NORMAL_PROBE_FRAC"": ""0.05"", ""MWDS_AQ_PROBE_FRAC"": ""0.05"", ""MWDS_AQ_SMALL_PROBE_FRAC"": ""0.05""}",20260527
T1,1,T1_50_1000_0.wclq,deep-v6,2,2,rollback_probe,guarded,"{""MWDS_AQ_MIN_FIRST_GAP"": ""0.0"", ""MWDS_AQ_MODE"": ""guarded"", ""MWDS_AQ_SLOPE_MARGIN"": ""999.0""}",20260527
T1,1,T1_50_1000_0.wclq,deep-v6,3,1,rollback_probe,guarded,"{""MWDS_AQ_MIN_FIRST_GAP"": ""0.0"", ""MWDS_AQ_MODE"": ""guarded"", ""MWDS_AQ_SLOPE_MARGIN"": ""999.0""}",20260527
T1,1,T1_50_1000_0.wclq,deep-v6,3,2,light_probe,guarded,"{""MWDS_AQ_MIN_FIRST_GAP"": ""0.0"", ""MWDS_AQ_MODE"": ""guarded"", ""MWDS_AQ_NORMAL_PROBE_FRAC"": ""0.05"", ""MWDS_AQ_PROBE_FRAC"": ""0.05"", ""MWDS_AQ_SMALL_PROBE_FRAC"": ""0.05""}",20260527
T1,1,T1_50_1000_0.wclq,fast-v19,1,1,heavy_probe,guarded,"{""MWDS_AQ_HEAVY_ANTS"": ""7"", ""MWDS_AQ_HEAVY_PROBE_FRAC"": ""0.25"", ""MWDS_AQ_MIN_FIRST_GAP"": ""0.0"", ""MWDS_AQ_MODE"": ""guarded"", ""MWDS_DEEP_AQ_T1LIKE_PROBE_FRAC"": ""0.25""}",20260527
T1,1,T1_50_1000_0.wclq,fast-v19,1,2,standard_probe,guarded,"{""MWDS_AQ_MIN_FIRST_GAP"": ""0.0"", ""MWDS_AQ_MODE"": ""guarded"", ""MWDS_AQ_NORMAL_PROBE_FRAC"": ""0.15"", ""MWDS_AQ_PROBE_FRAC"": ""0.15""}",20260527
T1,1,T1_50_1000_0.wclq,fast-v19,2,1,heavy_probe,guarded,"{""MWDS_AQ_HEAVY_ANTS"": ""7"", ""MWDS_AQ_HEAVY_PROBE_FRAC"": ""0.25"", ""MWDS_AQ_MIN_FIRST_GAP"": ""0.0"", ""MWDS_AQ_MODE"": ""guarded"", ""MWDS_DEEP_AQ_T1LIKE_PROBE_FRAC"": ""0.25""}",20260527
T1,1,T1_50_1000_0.wclq,fast-v19,2,2,standard_probe,guarded,"{""MWDS_AQ_MIN_FIRST_GAP"": ""0.0"", ""MWDS_AQ_MODE"": ""guarded"", ""MWDS_AQ_NORMAL_PROBE_FRAC"": ""0.15"", ""MWDS_AQ_PROBE_FRAC"": ""0.15""}",20260527
T1,1,T1_50_1000_0.wclq,fast-v19,3,1,standard_probe,guarded,"{""MWDS_AQ_MIN_FIRST_GAP"": ""0.0"", ""MWDS_AQ_MODE"": ""guarded"", ""MWDS_AQ_NORMAL_PROBE_FRAC"": ""0.15"", ""MWDS_AQ_PROBE_FRAC"": ""0.15""}",20260527
T1,1,T1_50_1000_0.wclq,fast-v19,3,2,standard_probe,guarded,"{""MWDS_AQ_MIN_FIRST_GAP"": ""0.0"", ""MWDS_AQ_MODE"": ""guarded"", ""MWDS_AQ_NORMAL_PROBE_FRAC"": ""0.15"", ""MWDS_AQ_PROBE_FRAC"": ""0.15""}",20260527
T1,2,T1_200_2000_8.wclq,deep-v6,1,1,standard_probe,guarded,"{""MWDS_AQ_MIN_FIRST_GAP"": ""0.0"", ""MWDS_AQ_MODE"": ""guarded"", ""MWDS_AQ_NORMAL_PROBE_FRAC"": ""0.15"", ""MWDS_AQ_PROBE_FRAC"": ""0.15""}",20260527
T1,2,T1_200_2000_8.wclq,deep-v6,1,2,light_probe,guarded,"{""MWDS_AQ_MIN_FIRST_GAP"": ""0.0"", ""MWDS_AQ_MODE"": ""guarded"", ""MWDS_AQ_NORMAL_PROBE_FRAC"": ""0.05"", ""MWDS_AQ_PROBE_FRAC"": ""0.05"", ""MWDS_AQ_SMALL_PROBE_FRAC"": ""0.05""}",20260527
T1,2,T1_200_2000_8.wclq,deep-v6,2,1,heavy_probe,guarded,"{""MWDS_AQ_HEAVY_ANTS"": ""7"", ""MWDS_AQ_HEAVY_PROBE_FRAC"": ""0.25"", ""MWDS_AQ_MIN_FIRST_GAP"": ""0.0"", ""MWDS_AQ_MODE"": ""guarded"", ""MWDS_DEEP_AQ_T1LIKE_PROBE_FRAC"": ""0.25""}",20260527
T1,2,T1_200_2000_8.wclq,deep-v6,2,2,standard_probe,guarded,"{""MWDS_AQ_MIN_FIRST_GAP"": ""0.0"", ""MWDS_AQ_MODE"": ""guarded"", ""MWDS_AQ_NORMAL_PROBE_FRAC"": ""0.15"", ""MWDS_AQ_PROBE_FRAC"": ""0.15""}",20260527
T1,2,T1_200_2000_8.wclq,deep-v6,3,1,dbs_only,dbs,"{""MWDS_AQ_MODE"": ""dbs""}",20260527
T1,2,T1_200_2000_8.wclq,deep-v6,3,2,standard_probe,guarded,"{""MWDS_AQ_MIN_FIRST_GAP"": ""0.0"", ""MWDS_AQ_MODE"": ""guarded"", ""MWDS_AQ_NORMAL_PROBE_FRAC"": ""0.15"", ""MWDS_AQ_PROBE_FRAC"": ""0.15""}",20260527
T1,2,T1_200_2000_8.wclq,fast-v19,1,1,standard_probe,guarded,"{""MWDS_AQ_MIN_FIRST_GAP"": ""0.0"", ""MWDS_AQ_MODE"": ""guarded"", ""MWDS_AQ_NORMAL_PROBE_FRAC"": ""0.15"", ""MWDS_AQ_PROBE_FRAC"": ""0.15""}",20260527
T1,2,T1_200_2000_8.wclq,fast-v19,1,2,heavy_probe,guarded,"{""MWDS_AQ_HEAVY_ANTS"": ""7"", ""MWDS_AQ_HEAVY_PROBE_FRAC"": ""0.25"", ""MWDS_AQ_MIN_FIRST_GAP"": ""0.0"", ""MWDS_AQ_MODE"": ""guarded"", ""MWDS_DEEP_AQ_T1LIKE_PROBE_FRAC"": ""0.25""}",20260527
T1,2,T1_200_2000_8.wclq,fast-v19,2,1,light_probe,guarded,"{""MWDS_AQ_MIN_FIRST_GAP"": ""0.0"", ""MWDS_AQ_MODE"": ""guarded"", ""MWDS_AQ_NORMAL_PROBE_FRAC"": ""0.05"", ""MWDS_AQ_PROBE_FRAC"": ""0.05"", ""MWDS_AQ_SMALL_PROBE_FRAC"": ""0.05""}",20260527
T1,2,T1_200_2000_8.wclq,fast-v19,2,2,light_probe,guarded,"{""MWDS_AQ_MIN_FIRST_GAP"": ""0.0"", ""MWDS_AQ_MODE"": ""guarded"", ""MWDS_AQ_NORMAL_PROBE_FRAC"": ""0.05"", ""MWDS_AQ_PROBE_FRAC"": ""0.05"", ""MWDS_AQ_SMALL_PROBE_FRAC"": ""0.05""}",20260527
T1,2,T1_200_2000_8.wclq,fast-v19,3,1,light_probe,guarded,"{""MWDS_AQ_MIN_FIRST_GAP"": ""0.0"", ""MWDS_AQ_MODE"": ""guarded"", ""MWDS_AQ_NORMAL_PROBE_FRAC"": ""0.05"", ""MWDS_AQ_PROBE_FRAC"": ""0.05"", ""MWDS_AQ_SMALL_PROBE_FRAC"": ""0.05""}",20260527
T1,2,T1_200_2000_8.wclq,fast-v19,3,2,dbs_only,dbs,"{""MWDS_AQ_MODE"": ""dbs""}",20260527
T1,3,T1_100_100_2.wclq,deep-v6,1,1,heavy_probe,guarded,"{""MWDS_AQ_HEAVY_ANTS"": ""7"", ""MWDS_AQ_HEAVY_PROBE_FRAC"": ""0.25"", ""MWDS_AQ_MIN_FIRST_GAP"": ""0.0"", ""MWDS_AQ_MODE"": ""guarded"", ""MWDS_DEEP_AQ_T1LIKE_PROBE_FRAC"": ""0.25""}",20260527
T1,3,T1_100_100_2.wclq,deep-v6,1,2,dbs_only,dbs,"{""MWDS_AQ_MODE"": ""dbs""}",20260527
T1,3,T1_100_100_2.wclq,deep-v6,2,1,heavy_probe,guarded,"{""MWDS_AQ_HEAVY_ANTS"": ""7"", ""MWDS_AQ_HEAVY_PROBE_FRAC"": ""0.25"", ""MWDS_AQ_MIN_FIRST_GAP"": ""0.0"", ""MWDS_AQ_MODE"": ""guarded"", ""MWDS_DEEP_AQ_T1LIKE_PROBE_FRAC"": ""0.25""}",20260527
T1,3,T1_100_100_2.wclq,deep-v6,2,2,light_probe,guarded,"{""MWDS_AQ_MIN_FIRST_GAP"": ""0.0"", ""MWDS_AQ_MODE"": ""guarded"", ""MWDS_AQ_NORMAL_PROBE_FRAC"": ""0.05"", ""MWDS_AQ_PROBE_FRAC"": ""0.05"", ""MWDS_AQ_SMALL_PROBE_FRAC"": ""0.05""}",20260527
T1,3,T1_100_100_2.wclq,deep-v6,3,1,heavy_probe,guarded,"{""MWDS_AQ_HEAVY_ANTS"": ""7"", ""MWDS_AQ_HEAVY_PROBE_FRAC"": ""0.25"", ""MWDS_AQ_MIN_FIRST_GAP"": ""0.0"", ""MWDS_AQ_MODE"": ""guarded"", ""MWDS_DEEP_AQ_T1LIKE_PROBE_FRAC"": ""0.25""}",20260527
T1,3,T1_100_100_2.wclq,deep-v6,3,2,dbs_only,dbs,"{""MWDS_AQ_MODE"": ""dbs""}",20260527
T1,3,T1_100_100_2.wclq,fast-v19,1,1,dbs_only,dbs,"{""MWDS_AQ_MODE"": ""dbs""}",20260527
T1,3,T1_100_100_2.wclq,fast-v19,1,2,rollback_probe,guarded,"{""MWDS_AQ_MIN_FIRST_GAP"": ""0.0"", ""MWDS_AQ_MODE"": ""guarded"", ""MWDS_AQ_SLOPE_MARGIN"": ""999.0""}",20260527
T1,3,T1_100_100_2.wclq,fast-v19,2,1,heavy_probe,guarded,"{""MWDS_AQ_HEAVY_ANTS"": ""7"", ""MWDS_AQ_HEAVY_PROBE_FRAC"": ""0.25"", ""MWDS_AQ_MIN_FIRST_GAP"": ""0.0"", ""MWDS_AQ_MODE"": ""guarded"", ""MWDS_DEEP_AQ_T1LIKE_PROBE_FRAC"": ""0.25""}",20260527
T1,3,T1_100_100_2.wclq,fast-v19,2,2,rollback_probe,guarded,"{""MWDS_AQ_MIN_FIRST_GAP"": ""0.0"", ""MWDS_AQ_MODE"": ""guarded"", ""MWDS_AQ_SLOPE_MARGIN"": ""999.0""}",20260527
T1,3,T1_100_100_2.wclq,fast-v19,3,1,rollback_probe,guarded,"{""MWDS_AQ_MIN_FIRST_GAP"": ""0.0"", ""MWDS_AQ_MODE"": ""guarded"", ""MWDS_AQ_SLOPE_MARGIN"": ""999.0""}",20260527
T1,3,T1_100_100_2.wclq,fast-v19,3,2,dbs_only,dbs,"{""MWDS_AQ_MODE"": ""dbs""}",20260527
T1,4,T1_200_250_7.wclq,deep-v6,1,1,standard_probe,guarded,"{""MWDS_AQ_MIN_FIRST_GAP"": ""0.0"", ""MWDS_AQ_MODE"": ""guarded"", ""MWDS_AQ_NORMAL_PROBE_FRAC"": ""0.15"", ""MWDS_AQ_PROBE_FRAC"": ""0.15""}",20260527
T1,4,T1_200_250_7.wclq,deep-v6,1,2,dbs_only,dbs,"{""MWDS_AQ_MODE"": ""dbs""}",20260527
T1,4,T1_200_250_7.wclq,deep-v6,2,1,standard_probe,guarded,"{""MWDS_AQ_MIN_FIRST_GAP"": ""0.0"", ""MWDS_AQ_MODE"": ""guarded"", ""MWDS_AQ_NORMAL_PROBE_FRAC"": ""0.15"", ""MWDS_AQ_PROBE_FRAC"": ""0.15""}",20260527
T1,4,T1_200_250_7.wclq,deep-v6,2,2,light_probe,guarded,"{""MWDS_AQ_MIN_FIRST_GAP"": ""0.0"", ""MWDS_AQ_MODE"": ""guarded"", ""MWDS_AQ_NORMAL_PROBE_FRAC"": ""0.05"", ""MWDS_AQ_PROBE_FRAC"": ""0.05"", ""MWDS_AQ_SMALL_PROBE_FRAC"": ""0.05""}",20260527
T1,4,T1_200_250_7.wclq,deep-v6,3,1,standard_probe,guarded,"{""MWDS_AQ_MIN_FIRST_GAP"": ""0.0"", ""MWDS_AQ_MODE"": ""guarded"", ""MWDS_AQ_NORMAL_PROBE_FRAC"": ""0.15"", ""MWDS_AQ_PROBE_FRAC"": ""0.15""}",20260527
T1,4,T1_200_250_7.wclq,deep-v6,3,2,light_probe,guarded,"{""MWDS_AQ_MIN_FIRST_GAP"": ""0.0"", ""MWDS_AQ_MODE"": ""guarded"", ""MWDS_AQ_NORMAL_PROBE_FRAC"": ""0.05"", ""MWDS_AQ_PROBE_FRAC"": ""0.05"", ""MWDS_AQ_SMALL_PROBE_FRAC"": ""0.05""}",20260527
T1,4,T1_200_250_7.wclq,fast-v19,1,1,light_probe,guarded,"{""MWDS_AQ_MIN_FIRST_GAP"": ""0.0"", ""MWDS_AQ_MODE"": ""guarded"", ""MWDS_AQ_NORMAL_PROBE_FRAC"": ""0.05"", ""MWDS_AQ_PROBE_FRAC"": ""0.05"", ""MWDS_AQ_SMALL_PROBE_FRAC"": ""0.05""}",20260527
T1,4,T1_200_250_7.wclq,fast-v19,1,2,light_probe,guarded,"{""MWDS_AQ_MIN_FIRST_GAP"": ""0.0"", ""MWDS_AQ_MODE"": ""guarded"", ""MWDS_AQ_NORMAL_PROBE_FRAC"": ""0.05"", ""MWDS_AQ_PROBE_FRAC"": ""0.05"", ""MWDS_AQ_SMALL_PROBE_FRAC"": ""0.05""}",20260527
T1,4,T1_200_250_7.wclq,fast-v19,2,1,rollback_probe,guarded,"{""MWDS_AQ_MIN_FIRST_GAP"": ""0.0"", ""MWDS_AQ_MODE"": ""guarded"", ""MWDS_AQ_SLOPE_MARGIN"": ""999.0""}",20260527
T1,4,T1_200_250_7.wclq,fast-v19,2,2,rollback_probe,guarded,"{""MWDS_AQ_MIN_FIRST_GAP"": ""0.0"", ""MWDS_AQ_MODE"": ""guarded"", ""MWDS_AQ_SLOPE_MARGIN"": ""999.0""}",20260527
T1,4,T1_200_250_7.wclq,fast-v19,3,1,light_probe,guarded,"{""MWDS_AQ_MIN_FIRST_GAP"": ""0.0"", ""MWDS_AQ_MODE"": ""guarded"", ""MWDS_AQ_NORMAL_PROBE_FRAC"": ""0.05"", ""MWDS_AQ_PROBE_FRAC"": ""0.05"", ""MWDS_AQ_SMALL_PROBE_FRAC"": ""0.05""}",20260527
T1,4,T1_200_250_7.wclq,fast-v19,3,2,light_probe,guarded,"{""MWDS_AQ_MIN_FIRST_GAP"": ""0.0"", ""MWDS_AQ_MODE"": ""guarded"", ""MWDS_AQ_NORMAL_PROBE_FRAC"": ""0.05"", ""MWDS_AQ_PROBE_FRAC"": ""0.05"", ""MWDS_AQ_SMALL_PROBE_FRAC"": ""0.05""}",20260527
T1,5,T1_1000_1000_2.wclq,deep-v6,1,1,heavy_probe,guarded,"{""MWDS_AQ_HEAVY_ANTS"": ""7"", ""MWDS_AQ_HEAVY_PROBE_FRAC"": ""0.25"", ""MWDS_AQ_MIN_FIRST_GAP"": ""0.0"", ""MWDS_AQ_MODE"": ""guarded"", ""MWDS_DEEP_AQ_T1LIKE_PROBE_FRAC"": ""0.25""}",20260527
T1,5,T1_1000_1000_2.wclq,deep-v6,1,2,rollback_probe,guarded,"{""MWDS_AQ_MIN_FIRST_GAP"": ""0.0"", ""MWDS_AQ_MODE"": ""guarded"", ""MWDS_AQ_SLOPE_MARGIN"": ""999.0""}",20260527
T1,5,T1_1000_1000_2.wclq,deep-v6,2,1,rollback_probe,guarded,"{""MWDS_AQ_MIN_FIRST_GAP"": ""0.0"", ""MWDS_AQ_MODE"": ""guarded"", ""MWDS_AQ_SLOPE_MARGIN"": ""999.0""}",20260527
T1,5,T1_1000_1000_2.wclq,deep-v6,2,2,dbs_only,dbs,"{""MWDS_AQ_MODE"": ""dbs""}",20260527
T1,5,T1_1000_1000_2.wclq,deep-v6,3,1,light_probe,guarded,"{""MWDS_AQ_MIN_FIRST_GAP"": ""0.0"", ""MWDS_AQ_MODE"": ""guarded"", ""MWDS_AQ_NORMAL_PROBE_FRAC"": ""0.05"", ""MWDS_AQ_PROBE_FRAC"": ""0.05"", ""MWDS_AQ_SMALL_PROBE_FRAC"": ""0.05""}",20260527
T1,5,T1_1000_1000_2.wclq,deep-v6,3,2,light_probe,guarded,"{""MWDS_AQ_MIN_FIRST_GAP"": ""0.0"", ""MWDS_AQ_MODE"": ""guarded"", ""MWDS_AQ_NORMAL_PROBE_FRAC"": ""0.05"", ""MWDS_AQ_PROBE_FRAC"": ""0.05"", ""MWDS_AQ_SMALL_PROBE_FRAC"": ""0.05""}",20260527
T1,5,T1_1000_1000_2.wclq,fast-v19,1,1,dbs_only,dbs,"{""MWDS_AQ_MODE"": ""dbs""}",20260527
T1,5,T1_1000_1000_2.wclq,fast-v19,1,2,rollback_probe,guarded,"{""MWDS_AQ_MIN_FIRST_GAP"": ""0.0"", ""MWDS_AQ_MODE"": ""guarded"", ""MWDS_AQ_SLOPE_MARGIN"": ""999.0""}",20260527
T1,5,T1_1000_1000_2.wclq,fast-v19,2,1,heavy_probe,guarded,"{""MWDS_AQ_HEAVY_ANTS"": ""7"", ""MWDS_AQ_HEAVY_PROBE_FRAC"": ""0.25"", ""MWDS_AQ_MIN_FIRST_GAP"": ""0.0"", ""MWDS_AQ_MODE"": ""guarded"", ""MWDS_DEEP_AQ_T1LIKE_PROBE_FRAC"": ""0.25""}",20260527
T1,5,T1_1000_1000_2.wclq,fast-v19,2,2,rollback_probe,guarded,"{""MWDS_AQ_MIN_FIRST_GAP"": ""0.0"", ""MWDS_AQ_MODE"": ""guarded"", ""MWDS_AQ_SLOPE_MARGIN"": ""999.0""}",20260527
T1,5,T1_1000_1000_2.wclq,fast-v19,3,1,light_probe,guarded,"{""MWDS_AQ_MIN_FIRST_GAP"": ""0.0"", ""MWDS_AQ_MODE"": ""guarded"", ""MWDS_AQ_NORMAL_PROBE_FRAC"": ""0.05"", ""MWDS_AQ_PROBE_FRAC"": ""0.05"", ""MWDS_AQ_SMALL_PROBE_FRAC"": ""0.05""}",20260527
T1,5,T1_1000_1000_2.wclq,fast-v19,3,2,dbs_only,dbs,"{""MWDS_AQ_MODE"": ""dbs""}",20260527
T2,1,T2_50_1000_6.wclq,deep-v6,1,1,heavy_probe,guarded,"{""MWDS_AQ_HEAVY_ANTS"": ""7"", ""MWDS_AQ_HEAVY_PROBE_FRAC"": ""0.25"", ""MWDS_AQ_MIN_FIRST_GAP"": ""0.0"", ""MWDS_AQ_MODE"": ""guarded"", ""MWDS_DEEP_AQ_T1LIKE_PROBE_FRAC"": ""0.25""}",20260527
T2,1,T2_50_1000_6.wclq,deep-v6,1,2,heavy_probe,guarded,"{""MWDS_AQ_HEAVY_ANTS"": ""7"", ""MWDS_AQ_HEAVY_PROBE_FRAC"": ""0.25"", ""MWDS_AQ_MIN_FIRST_GAP"": ""0.0"", ""MWDS_AQ_MODE"": ""guarded"", ""MWDS_DEEP_AQ_T1LIKE_PROBE_FRAC"": ""0.25""}",20260527
T2,1,T2_50_1000_6.wclq,deep-v6,2,1,standard_probe,guarded,"{""MWDS_AQ_MIN_FIRST_GAP"": ""0.0"", ""MWDS_AQ_MODE"": ""guarded"", ""MWDS_AQ_NORMAL_PROBE_FRAC"": ""0.15"", ""MWDS_AQ_PROBE_FRAC"": ""0.15""}",20260527
T2,1,T2_50_1000_6.wclq,deep-v6,2,2,light_probe,guarded,"{""MWDS_AQ_MIN_FIRST_GAP"": ""0.0"", ""MWDS_AQ_MODE"": ""guarded"", ""MWDS_AQ_NORMAL_PROBE_FRAC"": ""0.05"", ""MWDS_AQ_PROBE_FRAC"": ""0.05"", ""MWDS_AQ_SMALL_PROBE_FRAC"": ""0.05""}",20260527
T2,1,T2_50_1000_6.wclq,deep-v6,3,1,rollback_probe,guarded,"{""MWDS_AQ_MIN_FIRST_GAP"": ""0.0"", ""MWDS_AQ_MODE"": ""guarded"", ""MWDS_AQ_SLOPE_MARGIN"": ""999.0""}",20260527
T2,1,T2_50_1000_6.wclq,deep-v6,3,2,light_probe,guarded,"{""MWDS_AQ_MIN_FIRST_GAP"": ""0.0"", ""MWDS_AQ_MODE"": ""guarded"", ""MWDS_AQ_NORMAL_PROBE_FRAC"": ""0.05"", ""MWDS_AQ_PROBE_FRAC"": ""0.05"", ""MWDS_AQ_SMALL_PROBE_FRAC"": ""0.05""}",20260527
T2,1,T2_50_1000_6.wclq,fast-v19,1,1,dbs_only,dbs,"{""MWDS_AQ_MODE"": ""dbs""}",20260527
T2,1,T2_50_1000_6.wclq,fast-v19,1,2,dbs_only,dbs,"{""MWDS_AQ_MODE"": ""dbs""}",20260527
T2,1,T2_50_1000_6.wclq,fast-v19,2,1,dbs_only,dbs,"{""MWDS_AQ_MODE"": ""dbs""}",20260527
T2,1,T2_50_1000_6.wclq,fast-v19,2,2,standard_probe,guarded,"{""MWDS_AQ_MIN_FIRST_GAP"": ""0.0"", ""MWDS_AQ_MODE"": ""guarded"", ""MWDS_AQ_NORMAL_PROBE_FRAC"": ""0.15"", ""MWDS_AQ_PROBE_FRAC"": ""0.15""}",20260527
T2,1,T2_50_1000_6.wclq,fast-v19,3,1,rollback_probe,guarded,"{""MWDS_AQ_MIN_FIRST_GAP"": ""0.0"", ""MWDS_AQ_MODE"": ""guarded"", ""MWDS_AQ_SLOPE_MARGIN"": ""999.0""}",20260527
T2,1,T2_50_1000_6.wclq,fast-v19,3,2,dbs_only,dbs,"{""MWDS_AQ_MODE"": ""dbs""}",20260527
T2,2,T2_250_250_8.wclq,deep-v6,1,1,dbs_only,dbs,"{""MWDS_AQ_MODE"": ""dbs""}",20260527
T2,2,T2_250_250_8.wclq,deep-v6,1,2,light_probe,guarded,"{""MWDS_AQ_MIN_FIRST_GAP"": ""0.0"", ""MWDS_AQ_MODE"": ""guarded"", ""MWDS_AQ_NORMAL_PROBE_FRAC"": ""0.05"", ""MWDS_AQ_PROBE_FRAC"": ""0.05"", ""MWDS_AQ_SMALL_PROBE_FRAC"": ""0.05""}",20260527
T2,2,T2_250_250_8.wclq,deep-v6,2,1,light_probe,guarded,"{""MWDS_AQ_MIN_FIRST_GAP"": ""0.0"", ""MWDS_AQ_MODE"": ""guarded"", ""MWDS_AQ_NORMAL_PROBE_FRAC"": ""0.05"", ""MWDS_AQ_PROBE_FRAC"": ""0.05"", ""MWDS_AQ_SMALL_PROBE_FRAC"": ""0.05""}",20260527
T2,2,T2_250_250_8.wclq,deep-v6,2,2,rollback_probe,guarded,"{""MWDS_AQ_MIN_FIRST_GAP"": ""0.0"", ""MWDS_AQ_MODE"": ""guarded"", ""MWDS_AQ_SLOPE_MARGIN"": ""999.0""}",20260527
T2,2,T2_250_250_8.wclq,deep-v6,3,1,heavy_probe,guarded,"{""MWDS_AQ_HEAVY_ANTS"": ""7"", ""MWDS_AQ_HEAVY_PROBE_FRAC"": ""0.25"", ""MWDS_AQ_MIN_FIRST_GAP"": ""0.0"", ""MWDS_AQ_MODE"": ""guarded"", ""MWDS_DEEP_AQ_T1LIKE_PROBE_FRAC"": ""0.25""}",20260527
T2,2,T2_250_250_8.wclq,deep-v6,3,2,rollback_probe,guarded,"{""MWDS_AQ_MIN_FIRST_GAP"": ""0.0"", ""MWDS_AQ_MODE"": ""guarded"", ""MWDS_AQ_SLOPE_MARGIN"": ""999.0""}",20260527
T2,2,T2_250_250_8.wclq,fast-v19,1,1,standard_probe,guarded,"{""MWDS_AQ_MIN_FIRST_GAP"": ""0.0"", ""MWDS_AQ_MODE"": ""guarded"", ""MWDS_AQ_NORMAL_PROBE_FRAC"": ""0.15"", ""MWDS_AQ_PROBE_FRAC"": ""0.15""}",20260527
T2,2,T2_250_250_8.wclq,fast-v19,1,2,rollback_probe,guarded,"{""MWDS_AQ_MIN_FIRST_GAP"": ""0.0"", ""MWDS_AQ_MODE"": ""guarded"", ""MWDS_AQ_SLOPE_MARGIN"": ""999.0""}",20260527
T2,2,T2_250_250_8.wclq,fast-v19,2,1,rollback_probe,guarded,"{""MWDS_AQ_MIN_FIRST_GAP"": ""0.0"", ""MWDS_AQ_MODE"": ""guarded"", ""MWDS_AQ_SLOPE_MARGIN"": ""999.0""}",20260527
T2,2,T2_250_250_8.wclq,fast-v19,2,2,standard_probe,guarded,"{""MWDS_AQ_MIN_FIRST_GAP"": ""0.0"", ""MWDS_AQ_MODE"": ""guarded"", ""MWDS_AQ_NORMAL_PROBE_FRAC"": ""0.15"", ""MWDS_AQ_PROBE_FRAC"": ""0.15""}",20260527
T2,2,T2_250_250_8.wclq,fast-v19,3,1,standard_probe,guarded,"{""MWDS_AQ_MIN_FIRST_GAP"": ""0.0"", ""MWDS_AQ_MODE"": ""guarded"", ""MWDS_AQ_NORMAL_PROBE_FRAC"": ""0.15"", ""MWDS_AQ_PROBE_FRAC"": ""0.15""}",20260527
T2,2,T2_250_250_8.wclq,fast-v19,3,2,heavy_probe,guarded,"{""MWDS_AQ_HEAVY_ANTS"": ""7"", ""MWDS_AQ_HEAVY_PROBE_FRAC"": ""0.25"", ""MWDS_AQ_MIN_FIRST_GAP"": ""0.0"", ""MWDS_AQ_MODE"": ""guarded"", ""MWDS_DEEP_AQ_T1LIKE_PROBE_FRAC"": ""0.25""}",20260527
T2,3,T2_150_2000_1.wclq,deep-v6,1,1,heavy_probe,guarded,"{""MWDS_AQ_HEAVY_ANTS"": ""7"", ""MWDS_AQ_HEAVY_PROBE_FRAC"": ""0.25"", ""MWDS_AQ_MIN_FIRST_GAP"": ""0.0"", ""MWDS_AQ_MODE"": ""guarded"", ""MWDS_DEEP_AQ_T1LIKE_PROBE_FRAC"": ""0.25""}",20260527
T2,3,T2_150_2000_1.wclq,deep-v6,1,2,dbs_only,dbs,"{""MWDS_AQ_MODE"": ""dbs""}",20260527
T2,3,T2_150_2000_1.wclq,deep-v6,2,1,standard_probe,guarded,"{""MWDS_AQ_MIN_FIRST_GAP"": ""0.0"", ""MWDS_AQ_MODE"": ""guarded"", ""MWDS_AQ_NORMAL_PROBE_FRAC"": ""0.15"", ""MWDS_AQ_PROBE_FRAC"": ""0.15""}",20260527
T2,3,T2_150_2000_1.wclq,deep-v6,2,2,heavy_probe,guarded,"{""MWDS_AQ_HEAVY_ANTS"": ""7"", ""MWDS_AQ_HEAVY_PROBE_FRAC"": ""0.25"", ""MWDS_AQ_MIN_FIRST_GAP"": ""0.0"", ""MWDS_AQ_MODE"": ""guarded"", ""MWDS_DEEP_AQ_T1LIKE_PROBE_FRAC"": ""0.25""}",20260527
T2,3,T2_150_2000_1.wclq,deep-v6,3,1,heavy_probe,guarded,"{""MWDS_AQ_HEAVY_ANTS"": ""7"", ""MWDS_AQ_HEAVY_PROBE_FRAC"": ""0.25"", ""MWDS_AQ_MIN_FIRST_GAP"": ""0.0"", ""MWDS_AQ_MODE"": ""guarded"", ""MWDS_DEEP_AQ_T1LIKE_PROBE_FRAC"": ""0.25""}",20260527
T2,3,T2_150_2000_1.wclq,deep-v6,3,2,rollback_probe,guarded,"{""MWDS_AQ_MIN_FIRST_GAP"": ""0.0"", ""MWDS_AQ_MODE"": ""guarded"", ""MWDS_AQ_SLOPE_MARGIN"": ""999.0""}",20260527
T2,3,T2_150_2000_1.wclq,fast-v19,1,1,heavy_probe,guarded,"{""MWDS_AQ_HEAVY_ANTS"": ""7"", ""MWDS_AQ_HEAVY_PROBE_FRAC"": ""0.25"", ""MWDS_AQ_MIN_FIRST_GAP"": ""0.0"", ""MWDS_AQ_MODE"": ""guarded"", ""MWDS_DEEP_AQ_T1LIKE_PROBE_FRAC"": ""0.25""}",20260527
T2,3,T2_150_2000_1.wclq,fast-v19,1,2,heavy_probe,guarded,"{""MWDS_AQ_HEAVY_ANTS"": ""7"", ""MWDS_AQ_HEAVY_PROBE_FRAC"": ""0.25"", ""MWDS_AQ_MIN_FIRST_GAP"": ""0.0"", ""MWDS_AQ_MODE"": ""guarded"", ""MWDS_DEEP_AQ_T1LIKE_PROBE_FRAC"": ""0.25""}",20260527
T2,3,T2_150_2000_1.wclq,fast-v19,2,1,dbs_only,dbs,"{""MWDS_AQ_MODE"": ""dbs""}",20260527
T2,3,T2_150_2000_1.wclq,fast-v19,2,2,rollback_probe,guarded,"{""MWDS_AQ_MIN_FIRST_GAP"": ""0.0"", ""MWDS_AQ_MODE"": ""guarded"", ""MWDS_AQ_SLOPE_MARGIN"": ""999.0""}",20260527
T2,3,T2_150_2000_1.wclq,fast-v19,3,1,heavy_probe,guarded,"{""MWDS_AQ_HEAVY_ANTS"": ""7"", ""MWDS_AQ_HEAVY_PROBE_FRAC"": ""0.25"", ""MWDS_AQ_MIN_FIRST_GAP"": ""0.0"", ""MWDS_AQ_MODE"": ""guarded"", ""MWDS_DEEP_AQ_T1LIKE_PROBE_FRAC"": ""0.25""}",20260527
T2,3,T2_150_2000_1.wclq,fast-v19,3,2,light_probe,guarded,"{""MWDS_AQ_MIN_FIRST_GAP"": ""0.0"", ""MWDS_AQ_MODE"": ""guarded"", ""MWDS_AQ_NORMAL_PROBE_FRAC"": ""0.05"", ""MWDS_AQ_PROBE_FRAC"": ""0.05"", ""MWDS_AQ_SMALL_PROBE_FRAC"": ""0.05""}",20260527
T2,4,T2_250_2000_3.wclq,deep-v6,1,1,dbs_only,dbs,"{""MWDS_AQ_MODE"": ""dbs""}",20260527
T2,4,T2_250_2000_3.wclq,deep-v6,1,2,rollback_probe,guarded,"{""MWDS_AQ_MIN_FIRST_GAP"": ""0.0"", ""MWDS_AQ_MODE"": ""guarded"", ""MWDS_AQ_SLOPE_MARGIN"": ""999.0""}",20260527
T2,4,T2_250_2000_3.wclq,deep-v6,2,1,light_probe,guarded,"{""MWDS_AQ_MIN_FIRST_GAP"": ""0.0"", ""MWDS_AQ_MODE"": ""guarded"", ""MWDS_AQ_NORMAL_PROBE_FRAC"": ""0.05"", ""MWDS_AQ_PROBE_FRAC"": ""0.05"", ""MWDS_AQ_SMALL_PROBE_FRAC"": ""0.05""}",20260527
T2,4,T2_250_2000_3.wclq,deep-v6,2,2,dbs_only,dbs,"{""MWDS_AQ_MODE"": ""dbs""}",20260527
T2,4,T2_250_2000_3.wclq,deep-v6,3,1,rollback_probe,guarded,"{""MWDS_AQ_MIN_FIRST_GAP"": ""0.0"", ""MWDS_AQ_MODE"": ""guarded"", ""MWDS_AQ_SLOPE_MARGIN"": ""999.0""}",20260527
T2,4,T2_250_2000_3.wclq,deep-v6,3,2,standard_probe,guarded,"{""MWDS_AQ_MIN_FIRST_GAP"": ""0.0"", ""MWDS_AQ_MODE"": ""guarded"", ""MWDS_AQ_NORMAL_PROBE_FRAC"": ""0.15"", ""MWDS_AQ_PROBE_FRAC"": ""0.15""}",20260527
T2,4,T2_250_2000_3.wclq,fast-v19,1,1,standard_probe,guarded,"{""MWDS_AQ_MIN_FIRST_GAP"": ""0.0"", ""MWDS_AQ_MODE"": ""guarded"", ""MWDS_AQ_NORMAL_PROBE_FRAC"": ""0.15"", ""MWDS_AQ_PROBE_FRAC"": ""0.15""}",20260527
T2,4,T2_250_2000_3.wclq,fast-v19,1,2,heavy_probe,guarded,"{""MWDS_AQ_HEAVY_ANTS"": ""7"", ""MWDS_AQ_HEAVY_PROBE_FRAC"": ""0.25"", ""MWDS_AQ_MIN_FIRST_GAP"": ""0.0"", ""MWDS_AQ_MODE"": ""guarded"", ""MWDS_DEEP_AQ_T1LIKE_PROBE_FRAC"": ""0.25""}",20260527
T2,4,T2_250_2000_3.wclq,fast-v19,2,1,heavy_probe,guarded,"{""MWDS_AQ_HEAVY_ANTS"": ""7"", ""MWDS_AQ_HEAVY_PROBE_FRAC"": ""0.25"", ""MWDS_AQ_MIN_FIRST_GAP"": ""0.0"", ""MWDS_AQ_MODE"": ""guarded"", ""MWDS_DEEP_AQ_T1LIKE_PROBE_FRAC"": ""0.25""}",20260527
T2,4,T2_250_2000_3.wclq,fast-v19,2,2,rollback_probe,guarded,"{""MWDS_AQ_MIN_FIRST_GAP"": ""0.0"", ""MWDS_AQ_MODE"": ""guarded"", ""MWDS_AQ_SLOPE_MARGIN"": ""999.0""}",20260527
T2,4,T2_250_2000_3.wclq,fast-v19,3,1,rollback_probe,guarded,"{""MWDS_AQ_MIN_FIRST_GAP"": ""0.0"", ""MWDS_AQ_MODE"": ""guarded"", ""MWDS_AQ_SLOPE_MARGIN"": ""999.0""}",20260527
T2,4,T2_250_2000_3.wclq,fast-v19,3,2,light_probe,guarded,"{""MWDS_AQ_MIN_FIRST_GAP"": ""0.0"", ""MWDS_AQ_MODE"": ""guarded"", ""MWDS_AQ_NORMAL_PROBE_FRAC"": ""0.05"", ""MWDS_AQ_PROBE_FRAC"": ""0.05"", ""MWDS_AQ_SMALL_PROBE_FRAC"": ""0.05""}",20260527
T2,5,T2_1000_20000_9.wclq,deep-v6,1,1,rollback_probe,guarded,"{""MWDS_AQ_MIN_FIRST_GAP"": ""0.0"", ""MWDS_AQ_MODE"": ""guarded"", ""MWDS_AQ_SLOPE_MARGIN"": ""999.0""}",20260527
T2,5,T2_1000_20000_9.wclq,deep-v6,1,2,heavy_probe,guarded,"{""MWDS_AQ_HEAVY_ANTS"": ""7"", ""MWDS_AQ_HEAVY_PROBE_FRAC"": ""0.25"", ""MWDS_AQ_MIN_FIRST_GAP"": ""0.0"", ""MWDS_AQ_MODE"": ""guarded"", ""MWDS_DEEP_AQ_T1LIKE_PROBE_FRAC"": ""0.25""}",20260527
T2,5,T2_1000_20000_9.wclq,deep-v6,2,1,dbs_only,dbs,"{""MWDS_AQ_MODE"": ""dbs""}",20260527
T2,5,T2_1000_20000_9.wclq,deep-v6,2,2,light_probe,guarded,"{""MWDS_AQ_MIN_FIRST_GAP"": ""0.0"", ""MWDS_AQ_MODE"": ""guarded"", ""MWDS_AQ_NORMAL_PROBE_FRAC"": ""0.05"", ""MWDS_AQ_PROBE_FRAC"": ""0.05"", ""MWDS_AQ_SMALL_PROBE_FRAC"": ""0.05""}",20260527
T2,5,T2_1000_20000_9.wclq,deep-v6,3,1,standard_probe,guarded,"{""MWDS_AQ_MIN_FIRST_GAP"": ""0.0"", ""MWDS_AQ_MODE"": ""guarded"", ""MWDS_AQ_NORMAL_PROBE_FRAC"": ""0.15"", ""MWDS_AQ_PROBE_FRAC"": ""0.15""}",20260527
T2,5,T2_1000_20000_9.wclq,deep-v6,3,2,light_probe,guarded,"{""MWDS_AQ_MIN_FIRST_GAP"": ""0.0"", ""MWDS_AQ_MODE"": ""guarded"", ""MWDS_AQ_NORMAL_PROBE_FRAC"": ""0.05"", ""MWDS_AQ_PROBE_FRAC"": ""0.05"", ""MWDS_AQ_SMALL_PROBE_FRAC"": ""0.05""}",20260527
T2,5,T2_1000_20000_9.wclq,fast-v19,1,1,dbs_only,dbs,"{""MWDS_AQ_MODE"": ""dbs""}",20260527
T2,5,T2_1000_20000_9.wclq,fast-v19,1,2,heavy_probe,guarded,"{""MWDS_AQ_HEAVY_ANTS"": ""7"", ""MWDS_AQ_HEAVY_PROBE_FRAC"": ""0.25"", ""MWDS_AQ_MIN_FIRST_GAP"": ""0.0"", ""MWDS_AQ_MODE"": ""guarded"", ""MWDS_DEEP_AQ_T1LIKE_PROBE_FRAC"": ""0.25""}",20260527
T2,5,T2_1000_20000_9.wclq,fast-v19,2,1,rollback_probe,guarded,"{""MWDS_AQ_MIN_FIRST_GAP"": ""0.0"", ""MWDS_AQ_MODE"": ""guarded"", ""MWDS_AQ_SLOPE_MARGIN"": ""999.0""}",20260527
T2,5,T2_1000_20000_9.wclq,fast-v19,2,2,rollback_probe,guarded,"{""MWDS_AQ_MIN_FIRST_GAP"": ""0.0"", ""MWDS_AQ_MODE"": ""guarded"", ""MWDS_AQ_SLOPE_MARGIN"": ""999.0""}",20260527
T2,5,T2_1000_20000_9.wclq,fast-v19,3,1,dbs_only,dbs,"{""MWDS_AQ_MODE"": ""dbs""}",20260527
T2,5,T2_1000_20000_9.wclq,fast-v19,3,2,light_probe,guarded,"{""MWDS_AQ_MIN_FIRST_GAP"": ""0.0"", ""MWDS_AQ_MODE"": ""guarded"", ""MWDS_AQ_NORMAL_PROBE_FRAC"": ""0.05"", ""MWDS_AQ_PROBE_FRAC"": ""0.05"", ""MWDS_AQ_SMALL_PROBE_FRAC"": ""0.05""}",20260527
UDG,1,UDG_50_150_0.wclq,deep-v6,1,1,light_probe,guarded,"{""MWDS_AQ_MIN_FIRST_GAP"": ""0.0"", ""MWDS_AQ_MODE"": ""guarded"", ""MWDS_AQ_NORMAL_PROBE_FRAC"": ""0.05"", ""MWDS_AQ_PROBE_FRAC"": ""0.05"", ""MWDS_AQ_SMALL_PROBE_FRAC"": ""0.05""}",20260527
UDG,1,UDG_50_150_0.wclq,deep-v6,1,2,light_probe,guarded,"{""MWDS_AQ_MIN_FIRST_GAP"": ""0.0"", ""MWDS_AQ_MODE"": ""guarded"", ""MWDS_AQ_NORMAL_PROBE_FRAC"": ""0.05"", ""MWDS_AQ_PROBE_FRAC"": ""0.05"", ""MWDS_AQ_SMALL_PROBE_FRAC"": ""0.05""}",20260527
UDG,1,UDG_50_150_0.wclq,deep-v6,2,1,heavy_probe,guarded,"{""MWDS_AQ_HEAVY_ANTS"": ""7"", ""MWDS_AQ_HEAVY_PROBE_FRAC"": ""0.25"", ""MWDS_AQ_MIN_FIRST_GAP"": ""0.0"", ""MWDS_AQ_MODE"": ""guarded"", ""MWDS_DEEP_AQ_T1LIKE_PROBE_FRAC"": ""0.25""}",20260527
UDG,1,UDG_50_150_0.wclq,deep-v6,2,2,standard_probe,guarded,"{""MWDS_AQ_MIN_FIRST_GAP"": ""0.0"", ""MWDS_AQ_MODE"": ""guarded"", ""MWDS_AQ_NORMAL_PROBE_FRAC"": ""0.15"", ""MWDS_AQ_PROBE_FRAC"": ""0.15""}",20260527
UDG,1,UDG_50_150_0.wclq,deep-v6,3,1,dbs_only,dbs,"{""MWDS_AQ_MODE"": ""dbs""}",20260527
UDG,1,UDG_50_150_0.wclq,deep-v6,3,2,dbs_only,dbs,"{""MWDS_AQ_MODE"": ""dbs""}",20260527
UDG,1,UDG_50_150_0.wclq,fast-v19,1,1,rollback_probe,guarded,"{""MWDS_AQ_MIN_FIRST_GAP"": ""0.0"", ""MWDS_AQ_MODE"": ""guarded"", ""MWDS_AQ_SLOPE_MARGIN"": ""999.0""}",20260527
UDG,1,UDG_50_150_0.wclq,fast-v19,1,2,dbs_only,dbs,"{""MWDS_AQ_MODE"": ""dbs""}",20260527
UDG,1,UDG_50_150_0.wclq,fast-v19,2,1,rollback_probe,guarded,"{""MWDS_AQ_MIN_FIRST_GAP"": ""0.0"", ""MWDS_AQ_MODE"": ""guarded"", ""MWDS_AQ_SLOPE_MARGIN"": ""999.0""}",20260527
UDG,1,UDG_50_150_0.wclq,fast-v19,2,2,rollback_probe,guarded,"{""MWDS_AQ_MIN_FIRST_GAP"": ""0.0"", ""MWDS_AQ_MODE"": ""guarded"", ""MWDS_AQ_SLOPE_MARGIN"": ""999.0""}",20260527
UDG,1,UDG_50_150_0.wclq,fast-v19,3,1,dbs_only,dbs,"{""MWDS_AQ_MODE"": ""dbs""}",20260527
UDG,1,UDG_50_150_0.wclq,fast-v19,3,2,rollback_probe,guarded,"{""MWDS_AQ_MIN_FIRST_GAP"": ""0.0"", ""MWDS_AQ_MODE"": ""guarded"", ""MWDS_AQ_SLOPE_MARGIN"": ""999.0""}",20260527
UDG,2,UDG_100_200_1.wclq,deep-v6,1,1,rollback_probe,guarded,"{""MWDS_AQ_MIN_FIRST_GAP"": ""0.0"", ""MWDS_AQ_MODE"": ""guarded"", ""MWDS_AQ_SLOPE_MARGIN"": ""999.0""}",20260527
UDG,2,UDG_100_200_1.wclq,deep-v6,1,2,dbs_only,dbs,"{""MWDS_AQ_MODE"": ""dbs""}",20260527
UDG,2,UDG_100_200_1.wclq,deep-v6,2,1,light_probe,guarded,"{""MWDS_AQ_MIN_FIRST_GAP"": ""0.0"", ""MWDS_AQ_MODE"": ""guarded"", ""MWDS_AQ_NORMAL_PROBE_FRAC"": ""0.05"", ""MWDS_AQ_PROBE_FRAC"": ""0.05"", ""MWDS_AQ_SMALL_PROBE_FRAC"": ""0.05""}",20260527
UDG,2,UDG_100_200_1.wclq,deep-v6,2,2,heavy_probe,guarded,"{""MWDS_AQ_HEAVY_ANTS"": ""7"", ""MWDS_AQ_HEAVY_PROBE_FRAC"": ""0.25"", ""MWDS_AQ_MIN_FIRST_GAP"": ""0.0"", ""MWDS_AQ_MODE"": ""guarded"", ""MWDS_DEEP_AQ_T1LIKE_PROBE_FRAC"": ""0.25""}",20260527
UDG,2,UDG_100_200_1.wclq,deep-v6,3,1,dbs_only,dbs,"{""MWDS_AQ_MODE"": ""dbs""}",20260527
UDG,2,UDG_100_200_1.wclq,deep-v6,3,2,standard_probe,guarded,"{""MWDS_AQ_MIN_FIRST_GAP"": ""0.0"", ""MWDS_AQ_MODE"": ""guarded"", ""MWDS_AQ_NORMAL_PROBE_FRAC"": ""0.15"", ""MWDS_AQ_PROBE_FRAC"": ""0.15""}",20260527
UDG,2,UDG_100_200_1.wclq,fast-v19,1,1,dbs_only,dbs,"{""MWDS_AQ_MODE"": ""dbs""}",20260527
UDG,2,UDG_100_200_1.wclq,fast-v19,1,2,heavy_probe,guarded,"{""MWDS_AQ_HEAVY_ANTS"": ""7"", ""MWDS_AQ_HEAVY_PROBE_FRAC"": ""0.25"", ""MWDS_AQ_MIN_FIRST_GAP"": ""0.0"", ""MWDS_AQ_MODE"": ""guarded"", ""MWDS_DEEP_AQ_T1LIKE_PROBE_FRAC"": ""0.25""}",20260527
UDG,2,UDG_100_200_1.wclq,fast-v19,2,1,heavy_probe,guarded,"{""MWDS_AQ_HEAVY_ANTS"": ""7"", ""MWDS_AQ_HEAVY_PROBE_FRAC"": ""0.25"", ""MWDS_AQ_MIN_FIRST_GAP"": ""0.0"", ""MWDS_AQ_MODE"": ""guarded"", ""MWDS_DEEP_AQ_T1LIKE_PROBE_FRAC"": ""0.25""}",20260527
UDG,2,UDG_100_200_1.wclq,fast-v19,2,2,light_probe,guarded,"{""MWDS_AQ_MIN_FIRST_GAP"": ""0.0"", ""MWDS_AQ_MODE"": ""guarded"", ""MWDS_AQ_NORMAL_PROBE_FRAC"": ""0.05"", ""MWDS_AQ_PROBE_FRAC"": ""0.05"", ""MWDS_AQ_SMALL_PROBE_FRAC"": ""0.05""}",20260527
UDG,2,UDG_100_200_1.wclq,fast-v19,3,1,rollback_probe,guarded,"{""MWDS_AQ_MIN_FIRST_GAP"": ""0.0"", ""MWDS_AQ_MODE"": ""guarded"", ""MWDS_AQ_SLOPE_MARGIN"": ""999.0""}",20260527
UDG,2,UDG_100_200_1.wclq,fast-v19,3,2,light_probe,guarded,"{""MWDS_AQ_MIN_FIRST_GAP"": ""0.0"", ""MWDS_AQ_MODE"": ""guarded"", ""MWDS_AQ_NORMAL_PROBE_FRAC"": ""0.05"", ""MWDS_AQ_PROBE_FRAC"": ""0.05"", ""MWDS_AQ_SMALL_PROBE_FRAC"": ""0.05""}",20260527
UDG,3,UDG_500_150_3.wclq,deep-v6,1,1,rollback_probe,guarded,"{""MWDS_AQ_MIN_FIRST_GAP"": ""0.0"", ""MWDS_AQ_MODE"": ""guarded"", ""MWDS_AQ_SLOPE_MARGIN"": ""999.0""}",20260527
UDG,3,UDG_500_150_3.wclq,deep-v6,1,2,rollback_probe,guarded,"{""MWDS_AQ_MIN_FIRST_GAP"": ""0.0"", ""MWDS_AQ_MODE"": ""guarded"", ""MWDS_AQ_SLOPE_MARGIN"": ""999.0""}",20260527
UDG,3,UDG_500_150_3.wclq,deep-v6,2,1,rollback_probe,guarded,"{""MWDS_AQ_MIN_FIRST_GAP"": ""0.0"", ""MWDS_AQ_MODE"": ""guarded"", ""MWDS_AQ_SLOPE_MARGIN"": ""999.0""}",20260527
UDG,3,UDG_500_150_3.wclq,deep-v6,2,2,standard_probe,guarded,"{""MWDS_AQ_MIN_FIRST_GAP"": ""0.0"", ""MWDS_AQ_MODE"": ""guarded"", ""MWDS_AQ_NORMAL_PROBE_FRAC"": ""0.15"", ""MWDS_AQ_PROBE_FRAC"": ""0.15""}",20260527
UDG,3,UDG_500_150_3.wclq,deep-v6,3,1,dbs_only,dbs,"{""MWDS_AQ_MODE"": ""dbs""}",20260527
UDG,3,UDG_500_150_3.wclq,deep-v6,3,2,light_probe,guarded,"{""MWDS_AQ_MIN_FIRST_GAP"": ""0.0"", ""MWDS_AQ_MODE"": ""guarded"", ""MWDS_AQ_NORMAL_PROBE_FRAC"": ""0.05"", ""MWDS_AQ_PROBE_FRAC"": ""0.05"", ""MWDS_AQ_SMALL_PROBE_FRAC"": ""0.05""}",20260527
UDG,3,UDG_500_150_3.wclq,fast-v19,1,1,heavy_probe,guarded,"{""MWDS_AQ_HEAVY_ANTS"": ""7"", ""MWDS_AQ_HEAVY_PROBE_FRAC"": ""0.25"", ""MWDS_AQ_MIN_FIRST_GAP"": ""0.0"", ""MWDS_AQ_MODE"": ""guarded"", ""MWDS_DEEP_AQ_T1LIKE_PROBE_FRAC"": ""0.25""}",20260527
UDG,3,UDG_500_150_3.wclq,fast-v19,1,2,light_probe,guarded,"{""MWDS_AQ_MIN_FIRST_GAP"": ""0.0"", ""MWDS_AQ_MODE"": ""guarded"", ""MWDS_AQ_NORMAL_PROBE_FRAC"": ""0.05"", ""MWDS_AQ_PROBE_FRAC"": ""0.05"", ""MWDS_AQ_SMALL_PROBE_FRAC"": ""0.05""}",20260527
UDG,3,UDG_500_150_3.wclq,fast-v19,2,1,rollback_probe,guarded,"{""MWDS_AQ_MIN_FIRST_GAP"": ""0.0"", ""MWDS_AQ_MODE"": ""guarded"", ""MWDS_AQ_SLOPE_MARGIN"": ""999.0""}",20260527
UDG,3,UDG_500_150_3.wclq,fast-v19,2,2,rollback_probe,guarded,"{""MWDS_AQ_MIN_FIRST_GAP"": ""0.0"", ""MWDS_AQ_MODE"": ""guarded"", ""MWDS_AQ_SLOPE_MARGIN"": ""999.0""}",20260527
UDG,3,UDG_500_150_3.wclq,fast-v19,3,1,heavy_probe,guarded,"{""MWDS_AQ_HEAVY_ANTS"": ""7"", ""MWDS_AQ_HEAVY_PROBE_FRAC"": ""0.25"", ""MWDS_AQ_MIN_FIRST_GAP"": ""0.0"", ""MWDS_AQ_MODE"": ""guarded"", ""MWDS_DEEP_AQ_T1LIKE_PROBE_FRAC"": ""0.25""}",20260527
UDG,3,UDG_500_150_3.wclq,fast-v19,3,2,dbs_only,dbs,"{""MWDS_AQ_MODE"": ""dbs""}",20260527
UDG,4,UDG_800_200_8.wclq,deep-v6,1,1,dbs_only,dbs,"{""MWDS_AQ_MODE"": ""dbs""}",20260527
UDG,4,UDG_800_200_8.wclq,deep-v6,1,2,dbs_only,dbs,"{""MWDS_AQ_MODE"": ""dbs""}",20260527
UDG,4,UDG_800_200_8.wclq,deep-v6,2,1,light_probe,guarded,"{""MWDS_AQ_MIN_FIRST_GAP"": ""0.0"", ""MWDS_AQ_MODE"": ""guarded"", ""MWDS_AQ_NORMAL_PROBE_FRAC"": ""0.05"", ""MWDS_AQ_PROBE_FRAC"": ""0.05"", ""MWDS_AQ_SMALL_PROBE_FRAC"": ""0.05""}",20260527
UDG,4,UDG_800_200_8.wclq,deep-v6,2,2,light_probe,guarded,"{""MWDS_AQ_MIN_FIRST_GAP"": ""0.0"", ""MWDS_AQ_MODE"": ""guarded"", ""MWDS_AQ_NORMAL_PROBE_FRAC"": ""0.05"", ""MWDS_AQ_PROBE_FRAC"": ""0.05"", ""MWDS_AQ_SMALL_PROBE_FRAC"": ""0.05""}",20260527
UDG,4,UDG_800_200_8.wclq,deep-v6,3,1,dbs_only,dbs,"{""MWDS_AQ_MODE"": ""dbs""}",20260527
UDG,4,UDG_800_200_8.wclq,deep-v6,3,2,light_probe,guarded,"{""MWDS_AQ_MIN_FIRST_GAP"": ""0.0"", ""MWDS_AQ_MODE"": ""guarded"", ""MWDS_AQ_NORMAL_PROBE_FRAC"": ""0.05"", ""MWDS_AQ_PROBE_FRAC"": ""0.05"", ""MWDS_AQ_SMALL_PROBE_FRAC"": ""0.05""}",20260527
UDG,4,UDG_800_200_8.wclq,fast-v19,1,1,dbs_only,dbs,"{""MWDS_AQ_MODE"": ""dbs""}",20260527
UDG,4,UDG_800_200_8.wclq,fast-v19,1,2,light_probe,guarded,"{""MWDS_AQ_MIN_FIRST_GAP"": ""0.0"", ""MWDS_AQ_MODE"": ""guarded"", ""MWDS_AQ_NORMAL_PROBE_FRAC"": ""0.05"", ""MWDS_AQ_PROBE_FRAC"": ""0.05"", ""MWDS_AQ_SMALL_PROBE_FRAC"": ""0.05""}",20260527
UDG,4,UDG_800_200_8.wclq,fast-v19,2,1,standard_probe,guarded,"{""MWDS_AQ_MIN_FIRST_GAP"": ""0.0"", ""MWDS_AQ_MODE"": ""guarded"", ""MWDS_AQ_NORMAL_PROBE_FRAC"": ""0.15"", ""MWDS_AQ_PROBE_FRAC"": ""0.15""}",20260527
UDG,4,UDG_800_200_8.wclq,fast-v19,2,2,standard_probe,guarded,"{""MWDS_AQ_MIN_FIRST_GAP"": ""0.0"", ""MWDS_AQ_MODE"": ""guarded"", ""MWDS_AQ_NORMAL_PROBE_FRAC"": ""0.15"", ""MWDS_AQ_PROBE_FRAC"": ""0.15""}",20260527
UDG,4,UDG_800_200_8.wclq,fast-v19,3,1,standard_probe,guarded,"{""MWDS_AQ_MIN_FIRST_GAP"": ""0.0"", ""MWDS_AQ_MODE"": ""guarded"", ""MWDS_AQ_NORMAL_PROBE_FRAC"": ""0.15"", ""MWDS_AQ_PROBE_FRAC"": ""0.15""}",20260527
UDG,4,UDG_800_200_8.wclq,fast-v19,3,2,dbs_only,dbs,"{""MWDS_AQ_MODE"": ""dbs""}",20260527
UDG,5,UDG_1000_200_8.wclq,deep-v6,1,1,heavy_probe,guarded,"{""MWDS_AQ_HEAVY_ANTS"": ""7"", ""MWDS_AQ_HEAVY_PROBE_FRAC"": ""0.25"", ""MWDS_AQ_MIN_FIRST_GAP"": ""0.0"", ""MWDS_AQ_MODE"": ""guarded"", ""MWDS_DEEP_AQ_T1LIKE_PROBE_FRAC"": ""0.25""}",20260527
UDG,5,UDG_1000_200_8.wclq,deep-v6,1,2,heavy_probe,guarded,"{""MWDS_AQ_HEAVY_ANTS"": ""7"", ""MWDS_AQ_HEAVY_PROBE_FRAC"": ""0.25"", ""MWDS_AQ_MIN_FIRST_GAP"": ""0.0"", ""MWDS_AQ_MODE"": ""guarded"", ""MWDS_DEEP_AQ_T1LIKE_PROBE_FRAC"": ""0.25""}",20260527
UDG,5,UDG_1000_200_8.wclq,deep-v6,2,1,rollback_probe,guarded,"{""MWDS_AQ_MIN_FIRST_GAP"": ""0.0"", ""MWDS_AQ_MODE"": ""guarded"", ""MWDS_AQ_SLOPE_MARGIN"": ""999.0""}",20260527
UDG,5,UDG_1000_200_8.wclq,deep-v6,2,2,dbs_only,dbs,"{""MWDS_AQ_MODE"": ""dbs""}",20260527
UDG,5,UDG_1000_200_8.wclq,deep-v6,3,1,heavy_probe,guarded,"{""MWDS_AQ_HEAVY_ANTS"": ""7"", ""MWDS_AQ_HEAVY_PROBE_FRAC"": ""0.25"", ""MWDS_AQ_MIN_FIRST_GAP"": ""0.0"", ""MWDS_AQ_MODE"": ""guarded"", ""MWDS_DEEP_AQ_T1LIKE_PROBE_FRAC"": ""0.25""}",20260527
UDG,5,UDG_1000_200_8.wclq,deep-v6,3,2,light_probe,guarded,"{""MWDS_AQ_MIN_FIRST_GAP"": ""0.0"", ""MWDS_AQ_MODE"": ""guarded"", ""MWDS_AQ_NORMAL_PROBE_FRAC"": ""0.05"", ""MWDS_AQ_PROBE_FRAC"": ""0.05"", ""MWDS_AQ_SMALL_PROBE_FRAC"": ""0.05""}",20260527
UDG,5,UDG_1000_200_8.wclq,fast-v19,1,1,standard_probe,guarded,"{""MWDS_AQ_MIN_FIRST_GAP"": ""0.0"", ""MWDS_AQ_MODE"": ""guarded"", ""MWDS_AQ_NORMAL_PROBE_FRAC"": ""0.15"", ""MWDS_AQ_PROBE_FRAC"": ""0.15""}",20260527
UDG,5,UDG_1000_200_8.wclq,fast-v19,1,2,dbs_only,dbs,"{""MWDS_AQ_MODE"": ""dbs""}",20260527
UDG,5,UDG_1000_200_8.wclq,fast-v19,2,1,dbs_only,dbs,"{""MWDS_AQ_MODE"": ""dbs""}",20260527
UDG,5,UDG_1000_200_8.wclq,fast-v19,2,2,dbs_only,dbs,"{""MWDS_AQ_MODE"": ""dbs""}",20260527
UDG,5,UDG_1000_200_8.wclq,fast-v19,3,1,heavy_probe,guarded,"{""MWDS_AQ_HEAVY_ANTS"": ""7"", ""MWDS_AQ_HEAVY_PROBE_FRAC"": ""0.25"", ""MWDS_AQ_MIN_FIRST_GAP"": ""0.0"", ""MWDS_AQ_MODE"": ""guarded"", ""MWDS_DEEP_AQ_T1LIKE_PROBE_FRAC"": ""0.25""}",20260527
UDG,5,UDG_1000_200_8.wclq,fast-v19,3,2,light_probe,guarded,"{""MWDS_AQ_MIN_FIRST_GAP"": ""0.0"", ""MWDS_AQ_MODE"": ""guarded"", ""MWDS_AQ_NORMAL_PROBE_FRAC"": ""0.05"", ""MWDS_AQ_PROBE_FRAC"": ""0.05"", ""MWDS_AQ_SMALL_PROBE_FRAC"": ""0.05""}",20260527
BHOSLIB,1,frb30-15-1.clq,deep-v6,1,1,heavy_probe,guarded,"{""MWDS_AQ_HEAVY_ANTS"": ""7"", ""MWDS_AQ_HEAVY_PROBE_FRAC"": ""0.25"", ""MWDS_AQ_MIN_FIRST_GAP"": ""0.0"", ""MWDS_AQ_MODE"": ""guarded"", ""MWDS_DEEP_AQ_T1LIKE_PROBE_FRAC"": ""0.25""}",20260527
BHOSLIB,1,frb30-15-1.clq,deep-v6,1,2,standard_probe,guarded,"{""MWDS_AQ_MIN_FIRST_GAP"": ""0.0"", ""MWDS_AQ_MODE"": ""guarded"", ""MWDS_AQ_NORMAL_PROBE_FRAC"": ""0.15"", ""MWDS_AQ_PROBE_FRAC"": ""0.15""}",20260527
BHOSLIB,1,frb30-15-1.clq,deep-v6,2,1,light_probe,guarded,"{""MWDS_AQ_MIN_FIRST_GAP"": ""0.0"", ""MWDS_AQ_MODE"": ""guarded"", ""MWDS_AQ_NORMAL_PROBE_FRAC"": ""0.05"", ""MWDS_AQ_PROBE_FRAC"": ""0.05"", ""MWDS_AQ_SMALL_PROBE_FRAC"": ""0.05""}",20260527
BHOSLIB,1,frb30-15-1.clq,deep-v6,2,2,light_probe,guarded,"{""MWDS_AQ_MIN_FIRST_GAP"": ""0.0"", ""MWDS_AQ_MODE"": ""guarded"", ""MWDS_AQ_NORMAL_PROBE_FRAC"": ""0.05"", ""MWDS_AQ_PROBE_FRAC"": ""0.05"", ""MWDS_AQ_SMALL_PROBE_FRAC"": ""0.05""}",20260527
BHOSLIB,1,frb30-15-1.clq,deep-v6,3,1,dbs_only,dbs,"{""MWDS_AQ_MODE"": ""dbs""}",20260527
BHOSLIB,1,frb30-15-1.clq,deep-v6,3,2,standard_probe,guarded,"{""MWDS_AQ_MIN_FIRST_GAP"": ""0.0"", ""MWDS_AQ_MODE"": ""guarded"", ""MWDS_AQ_NORMAL_PROBE_FRAC"": ""0.15"", ""MWDS_AQ_PROBE_FRAC"": ""0.15""}",20260527
BHOSLIB,1,frb30-15-1.clq,fast-v19,1,1,dbs_only,dbs,"{""MWDS_AQ_MODE"": ""dbs""}",20260527
BHOSLIB,1,frb30-15-1.clq,fast-v19,1,2,dbs_only,dbs,"{""MWDS_AQ_MODE"": ""dbs""}",20260527
BHOSLIB,1,frb30-15-1.clq,fast-v19,2,1,rollback_probe,guarded,"{""MWDS_AQ_MIN_FIRST_GAP"": ""0.0"", ""MWDS_AQ_MODE"": ""guarded"", ""MWDS_AQ_SLOPE_MARGIN"": ""999.0""}",20260527
BHOSLIB,1,frb30-15-1.clq,fast-v19,2,2,rollback_probe,guarded,"{""MWDS_AQ_MIN_FIRST_GAP"": ""0.0"", ""MWDS_AQ_MODE"": ""guarded"", ""MWDS_AQ_SLOPE_MARGIN"": ""999.0""}",20260527
BHOSLIB,1,frb30-15-1.clq,fast-v19,3,1,dbs_only,dbs,"{""MWDS_AQ_MODE"": ""dbs""}",20260527
BHOSLIB,1,frb30-15-1.clq,fast-v19,3,2,rollback_probe,guarded,"{""MWDS_AQ_MIN_FIRST_GAP"": ""0.0"", ""MWDS_AQ_MODE"": ""guarded"", ""MWDS_AQ_SLOPE_MARGIN"": ""999.0""}",20260527
BHOSLIB,2,frb40-19-1.clq,deep-v6,1,1,light_probe,guarded,"{""MWDS_AQ_MIN_FIRST_GAP"": ""0.0"", ""MWDS_AQ_MODE"": ""guarded"", ""MWDS_AQ_NORMAL_PROBE_FRAC"": ""0.05"", ""MWDS_AQ_PROBE_FRAC"": ""0.05"", ""MWDS_AQ_SMALL_PROBE_FRAC"": ""0.05""}",20260527
BHOSLIB,2,frb40-19-1.clq,deep-v6,1,2,light_probe,guarded,"{""MWDS_AQ_MIN_FIRST_GAP"": ""0.0"", ""MWDS_AQ_MODE"": ""guarded"", ""MWDS_AQ_NORMAL_PROBE_FRAC"": ""0.05"", ""MWDS_AQ_PROBE_FRAC"": ""0.05"", ""MWDS_AQ_SMALL_PROBE_FRAC"": ""0.05""}",20260527
BHOSLIB,2,frb40-19-1.clq,deep-v6,2,1,standard_probe,guarded,"{""MWDS_AQ_MIN_FIRST_GAP"": ""0.0"", ""MWDS_AQ_MODE"": ""guarded"", ""MWDS_AQ_NORMAL_PROBE_FRAC"": ""0.15"", ""MWDS_AQ_PROBE_FRAC"": ""0.15""}",20260527
BHOSLIB,2,frb40-19-1.clq,deep-v6,2,2,rollback_probe,guarded,"{""MWDS_AQ_MIN_FIRST_GAP"": ""0.0"", ""MWDS_AQ_MODE"": ""guarded"", ""MWDS_AQ_SLOPE_MARGIN"": ""999.0""}",20260527
BHOSLIB,2,frb40-19-1.clq,deep-v6,3,1,dbs_only,dbs,"{""MWDS_AQ_MODE"": ""dbs""}",20260527
BHOSLIB,2,frb40-19-1.clq,deep-v6,3,2,standard_probe,guarded,"{""MWDS_AQ_MIN_FIRST_GAP"": ""0.0"", ""MWDS_AQ_MODE"": ""guarded"", ""MWDS_AQ_NORMAL_PROBE_FRAC"": ""0.15"", ""MWDS_AQ_PROBE_FRAC"": ""0.15""}",20260527
BHOSLIB,2,frb40-19-1.clq,fast-v19,1,1,light_probe,guarded,"{""MWDS_AQ_MIN_FIRST_GAP"": ""0.0"", ""MWDS_AQ_MODE"": ""guarded"", ""MWDS_AQ_NORMAL_PROBE_FRAC"": ""0.05"", ""MWDS_AQ_PROBE_FRAC"": ""0.05"", ""MWDS_AQ_SMALL_PROBE_FRAC"": ""0.05""}",20260527
BHOSLIB,2,frb40-19-1.clq,fast-v19,1,2,dbs_only,dbs,"{""MWDS_AQ_MODE"": ""dbs""}",20260527
BHOSLIB,2,frb40-19-1.clq,fast-v19,2,1,dbs_only,dbs,"{""MWDS_AQ_MODE"": ""dbs""}",20260527
BHOSLIB,2,frb40-19-1.clq,fast-v19,2,2,standard_probe,guarded,"{""MWDS_AQ_MIN_FIRST_GAP"": ""0.0"", ""MWDS_AQ_MODE"": ""guarded"", ""MWDS_AQ_NORMAL_PROBE_FRAC"": ""0.15"", ""MWDS_AQ_PROBE_FRAC"": ""0.15""}",20260527
BHOSLIB,2,frb40-19-1.clq,fast-v19,3,1,standard_probe,guarded,"{""MWDS_AQ_MIN_FIRST_GAP"": ""0.0"", ""MWDS_AQ_MODE"": ""guarded"", ""MWDS_AQ_NORMAL_PROBE_FRAC"": ""0.15"", ""MWDS_AQ_PROBE_FRAC"": ""0.15""}",20260527
BHOSLIB,2,frb40-19-1.clq,fast-v19,3,2,dbs_only,dbs,"{""MWDS_AQ_MODE"": ""dbs""}",20260527
BHOSLIB,3,frb50-23-3.clq,deep-v6,1,1,dbs_only,dbs,"{""MWDS_AQ_MODE"": ""dbs""}",20260527
BHOSLIB,3,frb50-23-3.clq,deep-v6,1,2,standard_probe,guarded,"{""MWDS_AQ_MIN_FIRST_GAP"": ""0.0"", ""MWDS_AQ_MODE"": ""guarded"", ""MWDS_AQ_NORMAL_PROBE_FRAC"": ""0.15"", ""MWDS_AQ_PROBE_FRAC"": ""0.15""}",20260527
BHOSLIB,3,frb50-23-3.clq,deep-v6,2,1,light_probe,guarded,"{""MWDS_AQ_MIN_FIRST_GAP"": ""0.0"", ""MWDS_AQ_MODE"": ""guarded"", ""MWDS_AQ_NORMAL_PROBE_FRAC"": ""0.05"", ""MWDS_AQ_PROBE_FRAC"": ""0.05"", ""MWDS_AQ_SMALL_PROBE_FRAC"": ""0.05""}",20260527
BHOSLIB,3,frb50-23-3.clq,deep-v6,2,2,heavy_probe,guarded,"{""MWDS_AQ_HEAVY_ANTS"": ""7"", ""MWDS_AQ_HEAVY_PROBE_FRAC"": ""0.25"", ""MWDS_AQ_MIN_FIRST_GAP"": ""0.0"", ""MWDS_AQ_MODE"": ""guarded"", ""MWDS_DEEP_AQ_T1LIKE_PROBE_FRAC"": ""0.25""}",20260527
BHOSLIB,3,frb50-23-3.clq,deep-v6,3,1,light_probe,guarded,"{""MWDS_AQ_MIN_FIRST_GAP"": ""0.0"", ""MWDS_AQ_MODE"": ""guarded"", ""MWDS_AQ_NORMAL_PROBE_FRAC"": ""0.05"", ""MWDS_AQ_PROBE_FRAC"": ""0.05"", ""MWDS_AQ_SMALL_PROBE_FRAC"": ""0.05""}",20260527
BHOSLIB,3,frb50-23-3.clq,deep-v6,3,2,dbs_only,dbs,"{""MWDS_AQ_MODE"": ""dbs""}",20260527
BHOSLIB,3,frb50-23-3.clq,fast-v19,1,1,light_probe,guarded,"{""MWDS_AQ_MIN_FIRST_GAP"": ""0.0"", ""MWDS_AQ_MODE"": ""guarded"", ""MWDS_AQ_NORMAL_PROBE_FRAC"": ""0.05"", ""MWDS_AQ_PROBE_FRAC"": ""0.05"", ""MWDS_AQ_SMALL_PROBE_FRAC"": ""0.05""}",20260527
BHOSLIB,3,frb50-23-3.clq,fast-v19,1,2,standard_probe,guarded,"{""MWDS_AQ_MIN_FIRST_GAP"": ""0.0"", ""MWDS_AQ_MODE"": ""guarded"", ""MWDS_AQ_NORMAL_PROBE_FRAC"": ""0.15"", ""MWDS_AQ_PROBE_FRAC"": ""0.15""}",20260527
BHOSLIB,3,frb50-23-3.clq,fast-v19,2,1,rollback_probe,guarded,"{""MWDS_AQ_MIN_FIRST_GAP"": ""0.0"", ""MWDS_AQ_MODE"": ""guarded"", ""MWDS_AQ_SLOPE_MARGIN"": ""999.0""}",20260527
BHOSLIB,3,frb50-23-3.clq,fast-v19,2,2,dbs_only,dbs,"{""MWDS_AQ_MODE"": ""dbs""}",20260527
BHOSLIB,3,frb50-23-3.clq,fast-v19,3,1,rollback_probe,guarded,"{""MWDS_AQ_MIN_FIRST_GAP"": ""0.0"", ""MWDS_AQ_MODE"": ""guarded"", ""MWDS_AQ_SLOPE_MARGIN"": ""999.0""}",20260527
BHOSLIB,3,frb50-23-3.clq,fast-v19,3,2,standard_probe,guarded,"{""MWDS_AQ_MIN_FIRST_GAP"": ""0.0"", ""MWDS_AQ_MODE"": ""guarded"", ""MWDS_AQ_NORMAL_PROBE_FRAC"": ""0.15"", ""MWDS_AQ_PROBE_FRAC"": ""0.15""}",20260527
BHOSLIB,4,frb56-25-4.clq,deep-v6,1,1,dbs_only,dbs,"{""MWDS_AQ_MODE"": ""dbs""}",20260527
BHOSLIB,4,frb56-25-4.clq,deep-v6,1,2,rollback_probe,guarded,"{""MWDS_AQ_MIN_FIRST_GAP"": ""0.0"", ""MWDS_AQ_MODE"": ""guarded"", ""MWDS_AQ_SLOPE_MARGIN"": ""999.0""}",20260527
BHOSLIB,4,frb56-25-4.clq,deep-v6,2,1,light_probe,guarded,"{""MWDS_AQ_MIN_FIRST_GAP"": ""0.0"", ""MWDS_AQ_MODE"": ""guarded"", ""MWDS_AQ_NORMAL_PROBE_FRAC"": ""0.05"", ""MWDS_AQ_PROBE_FRAC"": ""0.05"", ""MWDS_AQ_SMALL_PROBE_FRAC"": ""0.05""}",20260527
BHOSLIB,4,frb56-25-4.clq,deep-v6,2,2,rollback_probe,guarded,"{""MWDS_AQ_MIN_FIRST_GAP"": ""0.0"", ""MWDS_AQ_MODE"": ""guarded"", ""MWDS_AQ_SLOPE_MARGIN"": ""999.0""}",20260527
BHOSLIB,4,frb56-25-4.clq,deep-v6,3,1,dbs_only,dbs,"{""MWDS_AQ_MODE"": ""dbs""}",20260527
BHOSLIB,4,frb56-25-4.clq,deep-v6,3,2,light_probe,guarded,"{""MWDS_AQ_MIN_FIRST_GAP"": ""0.0"", ""MWDS_AQ_MODE"": ""guarded"", ""MWDS_AQ_NORMAL_PROBE_FRAC"": ""0.05"", ""MWDS_AQ_PROBE_FRAC"": ""0.05"", ""MWDS_AQ_SMALL_PROBE_FRAC"": ""0.05""}",20260527
BHOSLIB,4,frb56-25-4.clq,fast-v19,1,1,heavy_probe,guarded,"{""MWDS_AQ_HEAVY_ANTS"": ""7"", ""MWDS_AQ_HEAVY_PROBE_FRAC"": ""0.25"", ""MWDS_AQ_MIN_FIRST_GAP"": ""0.0"", ""MWDS_AQ_MODE"": ""guarded"", ""MWDS_DEEP_AQ_T1LIKE_PROBE_FRAC"": ""0.25""}",20260527
BHOSLIB,4,frb56-25-4.clq,fast-v19,1,2,rollback_probe,guarded,"{""MWDS_AQ_MIN_FIRST_GAP"": ""0.0"", ""MWDS_AQ_MODE"": ""guarded"", ""MWDS_AQ_SLOPE_MARGIN"": ""999.0""}",20260527
BHOSLIB,4,frb56-25-4.clq,fast-v19,2,1,dbs_only,dbs,"{""MWDS_AQ_MODE"": ""dbs""}",20260527
BHOSLIB,4,frb56-25-4.clq,fast-v19,2,2,heavy_probe,guarded,"{""MWDS_AQ_HEAVY_ANTS"": ""7"", ""MWDS_AQ_HEAVY_PROBE_FRAC"": ""0.25"", ""MWDS_AQ_MIN_FIRST_GAP"": ""0.0"", ""MWDS_AQ_MODE"": ""guarded"", ""MWDS_DEEP_AQ_T1LIKE_PROBE_FRAC"": ""0.25""}",20260527
BHOSLIB,4,frb56-25-4.clq,fast-v19,3,1,dbs_only,dbs,"{""MWDS_AQ_MODE"": ""dbs""}",20260527
BHOSLIB,4,frb56-25-4.clq,fast-v19,3,2,heavy_probe,guarded,"{""MWDS_AQ_HEAVY_ANTS"": ""7"", ""MWDS_AQ_HEAVY_PROBE_FRAC"": ""0.25"", ""MWDS_AQ_MIN_FIRST_GAP"": ""0.0"", ""MWDS_AQ_MODE"": ""guarded"", ""MWDS_DEEP_AQ_T1LIKE_PROBE_FRAC"": ""0.25""}",20260527
BHOSLIB,5,frb56-25-1.clq,deep-v6,1,1,rollback_probe,guarded,"{""MWDS_AQ_MIN_FIRST_GAP"": ""0.0"", ""MWDS_AQ_MODE"": ""guarded"", ""MWDS_AQ_SLOPE_MARGIN"": ""999.0""}",20260527
BHOSLIB,5,frb56-25-1.clq,deep-v6,1,2,standard_probe,guarded,"{""MWDS_AQ_MIN_FIRST_GAP"": ""0.0"", ""MWDS_AQ_MODE"": ""guarded"", ""MWDS_AQ_NORMAL_PROBE_FRAC"": ""0.15"", ""MWDS_AQ_PROBE_FRAC"": ""0.15""}",20260527
BHOSLIB,5,frb56-25-1.clq,deep-v6,2,1,rollback_probe,guarded,"{""MWDS_AQ_MIN_FIRST_GAP"": ""0.0"", ""MWDS_AQ_MODE"": ""guarded"", ""MWDS_AQ_SLOPE_MARGIN"": ""999.0""}",20260527
BHOSLIB,5,frb56-25-1.clq,deep-v6,2,2,dbs_only,dbs,"{""MWDS_AQ_MODE"": ""dbs""}",20260527
BHOSLIB,5,frb56-25-1.clq,deep-v6,3,1,light_probe,guarded,"{""MWDS_AQ_MIN_FIRST_GAP"": ""0.0"", ""MWDS_AQ_MODE"": ""guarded"", ""MWDS_AQ_NORMAL_PROBE_FRAC"": ""0.05"", ""MWDS_AQ_PROBE_FRAC"": ""0.05"", ""MWDS_AQ_SMALL_PROBE_FRAC"": ""0.05""}",20260527
BHOSLIB,5,frb56-25-1.clq,deep-v6,3,2,dbs_only,dbs,"{""MWDS_AQ_MODE"": ""dbs""}",20260527
BHOSLIB,5,frb56-25-1.clq,fast-v19,1,1,light_probe,guarded,"{""MWDS_AQ_MIN_FIRST_GAP"": ""0.0"", ""MWDS_AQ_MODE"": ""guarded"", ""MWDS_AQ_NORMAL_PROBE_FRAC"": ""0.05"", ""MWDS_AQ_PROBE_FRAC"": ""0.05"", ""MWDS_AQ_SMALL_PROBE_FRAC"": ""0.05""}",20260527
BHOSLIB,5,frb56-25-1.clq,fast-v19,1,2,rollback_probe,guarded,"{""MWDS_AQ_MIN_FIRST_GAP"": ""0.0"", ""MWDS_AQ_MODE"": ""guarded"", ""MWDS_AQ_SLOPE_MARGIN"": ""999.0""}",20260527
BHOSLIB,5,frb56-25-1.clq,fast-v19,2,1,heavy_probe,guarded,"{""MWDS_AQ_HEAVY_ANTS"": ""7"", ""MWDS_AQ_HEAVY_PROBE_FRAC"": ""0.25"", ""MWDS_AQ_MIN_FIRST_GAP"": ""0.0"", ""MWDS_AQ_MODE"": ""guarded"", ""MWDS_DEEP_AQ_T1LIKE_PROBE_FRAC"": ""0.25""}",20260527
BHOSLIB,5,frb56-25-1.clq,fast-v19,2,2,heavy_probe,guarded,"{""MWDS_AQ_HEAVY_ANTS"": ""7"", ""MWDS_AQ_HEAVY_PROBE_FRAC"": ""0.25"", ""MWDS_AQ_MIN_FIRST_GAP"": ""0.0"", ""MWDS_AQ_MODE"": ""guarded"", ""MWDS_DEEP_AQ_T1LIKE_PROBE_FRAC"": ""0.25""}",20260527
BHOSLIB,5,frb56-25-1.clq,fast-v19,3,1,heavy_probe,guarded,"{""MWDS_AQ_HEAVY_ANTS"": ""7"", ""MWDS_AQ_HEAVY_PROBE_FRAC"": ""0.25"", ""MWDS_AQ_MIN_FIRST_GAP"": ""0.0"", ""MWDS_AQ_MODE"": ""guarded"", ""MWDS_DEEP_AQ_T1LIKE_PROBE_FRAC"": ""0.25""}",20260527
BHOSLIB,5,frb56-25-1.clq,fast-v19,3,2,standard_probe,guarded,"{""MWDS_AQ_MIN_FIRST_GAP"": ""0.0"", ""MWDS_AQ_MODE"": ""guarded"", ""MWDS_AQ_NORMAL_PROBE_FRAC"": ""0.15"", ""MWDS_AQ_PROBE_FRAC"": ""0.15""}",20260527
DIMACS,1,hamming6-2.clq,deep-v6,1,1,heavy_probe,guarded,"{""MWDS_AQ_HEAVY_ANTS"": ""7"", ""MWDS_AQ_HEAVY_PROBE_FRAC"": ""0.25"", ""MWDS_AQ_MIN_FIRST_GAP"": ""0.0"", ""MWDS_AQ_MODE"": ""guarded"", ""MWDS_DEEP_AQ_T1LIKE_PROBE_FRAC"": ""0.25""}",20260527
DIMACS,1,hamming6-2.clq,deep-v6,1,2,standard_probe,guarded,"{""MWDS_AQ_MIN_FIRST_GAP"": ""0.0"", ""MWDS_AQ_MODE"": ""guarded"", ""MWDS_AQ_NORMAL_PROBE_FRAC"": ""0.15"", ""MWDS_AQ_PROBE_FRAC"": ""0.15""}",20260527
DIMACS,1,hamming6-2.clq,deep-v6,2,1,rollback_probe,guarded,"{""MWDS_AQ_MIN_FIRST_GAP"": ""0.0"", ""MWDS_AQ_MODE"": ""guarded"", ""MWDS_AQ_SLOPE_MARGIN"": ""999.0""}",20260527
DIMACS,1,hamming6-2.clq,deep-v6,2,2,rollback_probe,guarded,"{""MWDS_AQ_MIN_FIRST_GAP"": ""0.0"", ""MWDS_AQ_MODE"": ""guarded"", ""MWDS_AQ_SLOPE_MARGIN"": ""999.0""}",20260527
DIMACS,1,hamming6-2.clq,deep-v6,3,1,light_probe,guarded,"{""MWDS_AQ_MIN_FIRST_GAP"": ""0.0"", ""MWDS_AQ_MODE"": ""guarded"", ""MWDS_AQ_NORMAL_PROBE_FRAC"": ""0.05"", ""MWDS_AQ_PROBE_FRAC"": ""0.05"", ""MWDS_AQ_SMALL_PROBE_FRAC"": ""0.05""}",20260527
DIMACS,1,hamming6-2.clq,deep-v6,3,2,rollback_probe,guarded,"{""MWDS_AQ_MIN_FIRST_GAP"": ""0.0"", ""MWDS_AQ_MODE"": ""guarded"", ""MWDS_AQ_SLOPE_MARGIN"": ""999.0""}",20260527
DIMACS,1,hamming6-2.clq,fast-v19,1,1,heavy_probe,guarded,"{""MWDS_AQ_HEAVY_ANTS"": ""7"", ""MWDS_AQ_HEAVY_PROBE_FRAC"": ""0.25"", ""MWDS_AQ_MIN_FIRST_GAP"": ""0.0"", ""MWDS_AQ_MODE"": ""guarded"", ""MWDS_DEEP_AQ_T1LIKE_PROBE_FRAC"": ""0.25""}",20260527
DIMACS,1,hamming6-2.clq,fast-v19,1,2,rollback_probe,guarded,"{""MWDS_AQ_MIN_FIRST_GAP"": ""0.0"", ""MWDS_AQ_MODE"": ""guarded"", ""MWDS_AQ_SLOPE_MARGIN"": ""999.0""}",20260527
DIMACS,1,hamming6-2.clq,fast-v19,2,1,standard_probe,guarded,"{""MWDS_AQ_MIN_FIRST_GAP"": ""0.0"", ""MWDS_AQ_MODE"": ""guarded"", ""MWDS_AQ_NORMAL_PROBE_FRAC"": ""0.15"", ""MWDS_AQ_PROBE_FRAC"": ""0.15""}",20260527
DIMACS,1,hamming6-2.clq,fast-v19,2,2,dbs_only,dbs,"{""MWDS_AQ_MODE"": ""dbs""}",20260527
DIMACS,1,hamming6-2.clq,fast-v19,3,1,light_probe,guarded,"{""MWDS_AQ_MIN_FIRST_GAP"": ""0.0"", ""MWDS_AQ_MODE"": ""guarded"", ""MWDS_AQ_NORMAL_PROBE_FRAC"": ""0.05"", ""MWDS_AQ_PROBE_FRAC"": ""0.05"", ""MWDS_AQ_SMALL_PROBE_FRAC"": ""0.05""}",20260527
DIMACS,1,hamming6-2.clq,fast-v19,3,2,heavy_probe,guarded,"{""MWDS_AQ_HEAVY_ANTS"": ""7"", ""MWDS_AQ_HEAVY_PROBE_FRAC"": ""0.25"", ""MWDS_AQ_MIN_FIRST_GAP"": ""0.0"", ""MWDS_AQ_MODE"": ""guarded"", ""MWDS_DEEP_AQ_T1LIKE_PROBE_FRAC"": ""0.25""}",20260527
DIMACS,2,p_hat300-2.clq,deep-v6,1,1,light_probe,guarded,"{""MWDS_AQ_MIN_FIRST_GAP"": ""0.0"", ""MWDS_AQ_MODE"": ""guarded"", ""MWDS_AQ_NORMAL_PROBE_FRAC"": ""0.05"", ""MWDS_AQ_PROBE_FRAC"": ""0.05"", ""MWDS_AQ_SMALL_PROBE_FRAC"": ""0.05""}",20260527
DIMACS,2,p_hat300-2.clq,deep-v6,1,2,heavy_probe,guarded,"{""MWDS_AQ_HEAVY_ANTS"": ""7"", ""MWDS_AQ_HEAVY_PROBE_FRAC"": ""0.25"", ""MWDS_AQ_MIN_FIRST_GAP"": ""0.0"", ""MWDS_AQ_MODE"": ""guarded"", ""MWDS_DEEP_AQ_T1LIKE_PROBE_FRAC"": ""0.25""}",20260527
DIMACS,2,p_hat300-2.clq,deep-v6,2,1,dbs_only,dbs,"{""MWDS_AQ_MODE"": ""dbs""}",20260527
DIMACS,2,p_hat300-2.clq,deep-v6,2,2,rollback_probe,guarded,"{""MWDS_AQ_MIN_FIRST_GAP"": ""0.0"", ""MWDS_AQ_MODE"": ""guarded"", ""MWDS_AQ_SLOPE_MARGIN"": ""999.0""}",20260527
DIMACS,2,p_hat300-2.clq,deep-v6,3,1,heavy_probe,guarded,"{""MWDS_AQ_HEAVY_ANTS"": ""7"", ""MWDS_AQ_HEAVY_PROBE_FRAC"": ""0.25"", ""MWDS_AQ_MIN_FIRST_GAP"": ""0.0"", ""MWDS_AQ_MODE"": ""guarded"", ""MWDS_DEEP_AQ_T1LIKE_PROBE_FRAC"": ""0.25""}",20260527
DIMACS,2,p_hat300-2.clq,deep-v6,3,2,dbs_only,dbs,"{""MWDS_AQ_MODE"": ""dbs""}",20260527
DIMACS,2,p_hat300-2.clq,fast-v19,1,1,rollback_probe,guarded,"{""MWDS_AQ_MIN_FIRST_GAP"": ""0.0"", ""MWDS_AQ_MODE"": ""guarded"", ""MWDS_AQ_SLOPE_MARGIN"": ""999.0""}",20260527
DIMACS,2,p_hat300-2.clq,fast-v19,1,2,light_probe,guarded,"{""MWDS_AQ_MIN_FIRST_GAP"": ""0.0"", ""MWDS_AQ_MODE"": ""guarded"", ""MWDS_AQ_NORMAL_PROBE_FRAC"": ""0.05"", ""MWDS_AQ_PROBE_FRAC"": ""0.05"", ""MWDS_AQ_SMALL_PROBE_FRAC"": ""0.05""}",20260527
DIMACS,2,p_hat300-2.clq,fast-v19,2,1,heavy_probe,guarded,"{""MWDS_AQ_HEAVY_ANTS"": ""7"", ""MWDS_AQ_HEAVY_PROBE_FRAC"": ""0.25"", ""MWDS_AQ_MIN_FIRST_GAP"": ""0.0"", ""MWDS_AQ_MODE"": ""guarded"", ""MWDS_DEEP_AQ_T1LIKE_PROBE_FRAC"": ""0.25""}",20260527
DIMACS,2,p_hat300-2.clq,fast-v19,2,2,light_probe,guarded,"{""MWDS_AQ_MIN_FIRST_GAP"": ""0.0"", ""MWDS_AQ_MODE"": ""guarded"", ""MWDS_AQ_NORMAL_PROBE_FRAC"": ""0.05"", ""MWDS_AQ_PROBE_FRAC"": ""0.05"", ""MWDS_AQ_SMALL_PROBE_FRAC"": ""0.05""}",20260527
DIMACS,2,p_hat300-2.clq,fast-v19,3,1,heavy_probe,guarded,"{""MWDS_AQ_HEAVY_ANTS"": ""7"", ""MWDS_AQ_HEAVY_PROBE_FRAC"": ""0.25"", ""MWDS_AQ_MIN_FIRST_GAP"": ""0.0"", ""MWDS_AQ_MODE"": ""guarded"", ""MWDS_DEEP_AQ_T1LIKE_PROBE_FRAC"": ""0.25""}",20260527
DIMACS,2,p_hat300-2.clq,fast-v19,3,2,rollback_probe,guarded,"{""MWDS_AQ_MIN_FIRST_GAP"": ""0.0"", ""MWDS_AQ_MODE"": ""guarded"", ""MWDS_AQ_SLOPE_MARGIN"": ""999.0""}",20260527
DIMACS,3,gen200_p0.9_55.clq,deep-v6,1,1,rollback_probe,guarded,"{""MWDS_AQ_MIN_FIRST_GAP"": ""0.0"", ""MWDS_AQ_MODE"": ""guarded"", ""MWDS_AQ_SLOPE_MARGIN"": ""999.0""}",20260527
DIMACS,3,gen200_p0.9_55.clq,deep-v6,1,2,rollback_probe,guarded,"{""MWDS_AQ_MIN_FIRST_GAP"": ""0.0"", ""MWDS_AQ_MODE"": ""guarded"", ""MWDS_AQ_SLOPE_MARGIN"": ""999.0""}",20260527
DIMACS,3,gen200_p0.9_55.clq,deep-v6,2,1,light_probe,guarded,"{""MWDS_AQ_MIN_FIRST_GAP"": ""0.0"", ""MWDS_AQ_MODE"": ""guarded"", ""MWDS_AQ_NORMAL_PROBE_FRAC"": ""0.05"", ""MWDS_AQ_PROBE_FRAC"": ""0.05"", ""MWDS_AQ_SMALL_PROBE_FRAC"": ""0.05""}",20260527
DIMACS,3,gen200_p0.9_55.clq,deep-v6,2,2,light_probe,guarded,"{""MWDS_AQ_MIN_FIRST_GAP"": ""0.0"", ""MWDS_AQ_MODE"": ""guarded"", ""MWDS_AQ_NORMAL_PROBE_FRAC"": ""0.05"", ""MWDS_AQ_PROBE_FRAC"": ""0.05"", ""MWDS_AQ_SMALL_PROBE_FRAC"": ""0.05""}",20260527
DIMACS,3,gen200_p0.9_55.clq,deep-v6,3,1,light_probe,guarded,"{""MWDS_AQ_MIN_FIRST_GAP"": ""0.0"", ""MWDS_AQ_MODE"": ""guarded"", ""MWDS_AQ_NORMAL_PROBE_FRAC"": ""0.05"", ""MWDS_AQ_PROBE_FRAC"": ""0.05"", ""MWDS_AQ_SMALL_PROBE_FRAC"": ""0.05""}",20260527
DIMACS,3,gen200_p0.9_55.clq,deep-v6,3,2,heavy_probe,guarded,"{""MWDS_AQ_HEAVY_ANTS"": ""7"", ""MWDS_AQ_HEAVY_PROBE_FRAC"": ""0.25"", ""MWDS_AQ_MIN_FIRST_GAP"": ""0.0"", ""MWDS_AQ_MODE"": ""guarded"", ""MWDS_DEEP_AQ_T1LIKE_PROBE_FRAC"": ""0.25""}",20260527
DIMACS,3,gen200_p0.9_55.clq,fast-v19,1,1,standard_probe,guarded,"{""MWDS_AQ_MIN_FIRST_GAP"": ""0.0"", ""MWDS_AQ_MODE"": ""guarded"", ""MWDS_AQ_NORMAL_PROBE_FRAC"": ""0.15"", ""MWDS_AQ_PROBE_FRAC"": ""0.15""}",20260527
DIMACS,3,gen200_p0.9_55.clq,fast-v19,1,2,dbs_only,dbs,"{""MWDS_AQ_MODE"": ""dbs""}",20260527
DIMACS,3,gen200_p0.9_55.clq,fast-v19,2,1,heavy_probe,guarded,"{""MWDS_AQ_HEAVY_ANTS"": ""7"", ""MWDS_AQ_HEAVY_PROBE_FRAC"": ""0.25"", ""MWDS_AQ_MIN_FIRST_GAP"": ""0.0"", ""MWDS_AQ_MODE"": ""guarded"", ""MWDS_DEEP_AQ_T1LIKE_PROBE_FRAC"": ""0.25""}",20260527
DIMACS,3,gen200_p0.9_55.clq,fast-v19,2,2,standard_probe,guarded,"{""MWDS_AQ_MIN_FIRST_GAP"": ""0.0"", ""MWDS_AQ_MODE"": ""guarded"", ""MWDS_AQ_NORMAL_PROBE_FRAC"": ""0.15"", ""MWDS_AQ_PROBE_FRAC"": ""0.15""}",20260527
DIMACS,3,gen200_p0.9_55.clq,fast-v19,3,1,light_probe,guarded,"{""MWDS_AQ_MIN_FIRST_GAP"": ""0.0"", ""MWDS_AQ_MODE"": ""guarded"", ""MWDS_AQ_NORMAL_PROBE_FRAC"": ""0.05"", ""MWDS_AQ_PROBE_FRAC"": ""0.05"", ""MWDS_AQ_SMALL_PROBE_FRAC"": ""0.05""}",20260527
DIMACS,3,gen200_p0.9_55.clq,fast-v19,3,2,heavy_probe,guarded,"{""MWDS_AQ_HEAVY_ANTS"": ""7"", ""MWDS_AQ_HEAVY_PROBE_FRAC"": ""0.25"", ""MWDS_AQ_MIN_FIRST_GAP"": ""0.0"", ""MWDS_AQ_MODE"": ""guarded"", ""MWDS_DEEP_AQ_T1LIKE_PROBE_FRAC"": ""0.25""}",20260527
DIMACS,4,DSJC500_5.clq,deep-v6,1,1,standard_probe,guarded,"{""MWDS_AQ_MIN_FIRST_GAP"": ""0.0"", ""MWDS_AQ_MODE"": ""guarded"", ""MWDS_AQ_NORMAL_PROBE_FRAC"": ""0.15"", ""MWDS_AQ_PROBE_FRAC"": ""0.15""}",20260527
DIMACS,4,DSJC500_5.clq,deep-v6,1,2,rollback_probe,guarded,"{""MWDS_AQ_MIN_FIRST_GAP"": ""0.0"", ""MWDS_AQ_MODE"": ""guarded"", ""MWDS_AQ_SLOPE_MARGIN"": ""999.0""}",20260527
DIMACS,4,DSJC500_5.clq,deep-v6,2,1,dbs_only,dbs,"{""MWDS_AQ_MODE"": ""dbs""}",20260527
DIMACS,4,DSJC500_5.clq,deep-v6,2,2,standard_probe,guarded,"{""MWDS_AQ_MIN_FIRST_GAP"": ""0.0"", ""MWDS_AQ_MODE"": ""guarded"", ""MWDS_AQ_NORMAL_PROBE_FRAC"": ""0.15"", ""MWDS_AQ_PROBE_FRAC"": ""0.15""}",20260527
DIMACS,4,DSJC500_5.clq,deep-v6,3,1,dbs_only,dbs,"{""MWDS_AQ_MODE"": ""dbs""}",20260527
DIMACS,4,DSJC500_5.clq,deep-v6,3,2,rollback_probe,guarded,"{""MWDS_AQ_MIN_FIRST_GAP"": ""0.0"", ""MWDS_AQ_MODE"": ""guarded"", ""MWDS_AQ_SLOPE_MARGIN"": ""999.0""}",20260527
DIMACS,4,DSJC500_5.clq,fast-v19,1,1,light_probe,guarded,"{""MWDS_AQ_MIN_FIRST_GAP"": ""0.0"", ""MWDS_AQ_MODE"": ""guarded"", ""MWDS_AQ_NORMAL_PROBE_FRAC"": ""0.05"", ""MWDS_AQ_PROBE_FRAC"": ""0.05"", ""MWDS_AQ_SMALL_PROBE_FRAC"": ""0.05""}",20260527
DIMACS,4,DSJC500_5.clq,fast-v19,1,2,light_probe,guarded,"{""MWDS_AQ_MIN_FIRST_GAP"": ""0.0"", ""MWDS_AQ_MODE"": ""guarded"", ""MWDS_AQ_NORMAL_PROBE_FRAC"": ""0.05"", ""MWDS_AQ_PROBE_FRAC"": ""0.05"", ""MWDS_AQ_SMALL_PROBE_FRAC"": ""0.05""}",20260527
DIMACS,4,DSJC500_5.clq,fast-v19,2,1,light_probe,guarded,"{""MWDS_AQ_MIN_FIRST_GAP"": ""0.0"", ""MWDS_AQ_MODE"": ""guarded"", ""MWDS_AQ_NORMAL_PROBE_FRAC"": ""0.05"", ""MWDS_AQ_PROBE_FRAC"": ""0.05"", ""MWDS_AQ_SMALL_PROBE_FRAC"": ""0.05""}",20260527
DIMACS,4,DSJC500_5.clq,fast-v19,2,2,light_probe,guarded,"{""MWDS_AQ_MIN_FIRST_GAP"": ""0.0"", ""MWDS_AQ_MODE"": ""guarded"", ""MWDS_AQ_NORMAL_PROBE_FRAC"": ""0.05"", ""MWDS_AQ_PROBE_FRAC"": ""0.05"", ""MWDS_AQ_SMALL_PROBE_FRAC"": ""0.05""}",20260527
DIMACS,4,DSJC500_5.clq,fast-v19,3,1,standard_probe,guarded,"{""MWDS_AQ_MIN_FIRST_GAP"": ""0.0"", ""MWDS_AQ_MODE"": ""guarded"", ""MWDS_AQ_NORMAL_PROBE_FRAC"": ""0.15"", ""MWDS_AQ_PROBE_FRAC"": ""0.15""}",20260527
DIMACS,4,DSJC500_5.clq,fast-v19,3,2,rollback_probe,guarded,"{""MWDS_AQ_MIN_FIRST_GAP"": ""0.0"", ""MWDS_AQ_MODE"": ""guarded"", ""MWDS_AQ_SLOPE_MARGIN"": ""999.0""}",20260527
DIMACS,5,C4000.5.clq,deep-v6,1,1,rollback_probe,guarded,"{""MWDS_AQ_MIN_FIRST_GAP"": ""0.0"", ""MWDS_AQ_MODE"": ""guarded"", ""MWDS_AQ_SLOPE_MARGIN"": ""999.0""}",20260527
DIMACS,5,C4000.5.clq,deep-v6,1,2,heavy_probe,guarded,"{""MWDS_AQ_HEAVY_ANTS"": ""7"", ""MWDS_AQ_HEAVY_PROBE_FRAC"": ""0.25"", ""MWDS_AQ_MIN_FIRST_GAP"": ""0.0"", ""MWDS_AQ_MODE"": ""guarded"", ""MWDS_DEEP_AQ_T1LIKE_PROBE_FRAC"": ""0.25""}",20260527
DIMACS,5,C4000.5.clq,deep-v6,2,1,standard_probe,guarded,"{""MWDS_AQ_MIN_FIRST_GAP"": ""0.0"", ""MWDS_AQ_MODE"": ""guarded"", ""MWDS_AQ_NORMAL_PROBE_FRAC"": ""0.15"", ""MWDS_AQ_PROBE_FRAC"": ""0.15""}",20260527
DIMACS,5,C4000.5.clq,deep-v6,2,2,light_probe,guarded,"{""MWDS_AQ_MIN_FIRST_GAP"": ""0.0"", ""MWDS_AQ_MODE"": ""guarded"", ""MWDS_AQ_NORMAL_PROBE_FRAC"": ""0.05"", ""MWDS_AQ_PROBE_FRAC"": ""0.05"", ""MWDS_AQ_SMALL_PROBE_FRAC"": ""0.05""}",20260527
DIMACS,5,C4000.5.clq,deep-v6,3,1,standard_probe,guarded,"{""MWDS_AQ_MIN_FIRST_GAP"": ""0.0"", ""MWDS_AQ_MODE"": ""guarded"", ""MWDS_AQ_NORMAL_PROBE_FRAC"": ""0.15"", ""MWDS_AQ_PROBE_FRAC"": ""0.15""}",20260527
DIMACS,5,C4000.5.clq,deep-v6,3,2,light_probe,guarded,"{""MWDS_AQ_MIN_FIRST_GAP"": ""0.0"", ""MWDS_AQ_MODE"": ""guarded"", ""MWDS_AQ_NORMAL_PROBE_FRAC"": ""0.05"", ""MWDS_AQ_PROBE_FRAC"": ""0.05"", ""MWDS_AQ_SMALL_PROBE_FRAC"": ""0.05""}",20260527
DIMACS,5,C4000.5.clq,fast-v19,1,1,light_probe,guarded,"{""MWDS_AQ_MIN_FIRST_GAP"": ""0.0"", ""MWDS_AQ_MODE"": ""guarded"", ""MWDS_AQ_NORMAL_PROBE_FRAC"": ""0.05"", ""MWDS_AQ_PROBE_FRAC"": ""0.05"", ""MWDS_AQ_SMALL_PROBE_FRAC"": ""0.05""}",20260527
DIMACS,5,C4000.5.clq,fast-v19,1,2,standard_probe,guarded,"{""MWDS_AQ_MIN_FIRST_GAP"": ""0.0"", ""MWDS_AQ_MODE"": ""guarded"", ""MWDS_AQ_NORMAL_PROBE_FRAC"": ""0.15"", ""MWDS_AQ_PROBE_FRAC"": ""0.15""}",20260527
DIMACS,5,C4000.5.clq,fast-v19,2,1,light_probe,guarded,"{""MWDS_AQ_MIN_FIRST_GAP"": ""0.0"", ""MWDS_AQ_MODE"": ""guarded"", ""MWDS_AQ_NORMAL_PROBE_FRAC"": ""0.05"", ""MWDS_AQ_PROBE_FRAC"": ""0.05"", ""MWDS_AQ_SMALL_PROBE_FRAC"": ""0.05""}",20260527
DIMACS,5,C4000.5.clq,fast-v19,2,2,standard_probe,guarded,"{""MWDS_AQ_MIN_FIRST_GAP"": ""0.0"", ""MWDS_AQ_MODE"": ""guarded"", ""MWDS_AQ_NORMAL_PROBE_FRAC"": ""0.15"", ""MWDS_AQ_PROBE_FRAC"": ""0.15""}",20260527
DIMACS,5,C4000.5.clq,fast-v19,3,1,standard_probe,guarded,"{""MWDS_AQ_MIN_FIRST_GAP"": ""0.0"", ""MWDS_AQ_MODE"": ""guarded"", ""MWDS_AQ_NORMAL_PROBE_FRAC"": ""0.15"", ""MWDS_AQ_PROBE_FRAC"": ""0.15""}",20260527
DIMACS,5,C4000.5.clq,fast-v19,3,2,dbs_only,dbs,"{""MWDS_AQ_MODE"": ""dbs""}",20260527
NDR,1,tech-ip.clq,deep-v6,1,1,light_probe,guarded,"{""MWDS_AQ_MIN_FIRST_GAP"": ""0.0"", ""MWDS_AQ_MODE"": ""guarded"", ""MWDS_AQ_NORMAL_PROBE_FRAC"": ""0.05"", ""MWDS_AQ_PROBE_FRAC"": ""0.05"", ""MWDS_AQ_SMALL_PROBE_FRAC"": ""0.05""}",20260527
NDR,1,tech-ip.clq,deep-v6,1,2,rollback_probe,guarded,"{""MWDS_AQ_MIN_FIRST_GAP"": ""0.0"", ""MWDS_AQ_MODE"": ""guarded"", ""MWDS_AQ_SLOPE_MARGIN"": ""999.0""}",20260527
NDR,1,tech-ip.clq,deep-v6,2,1,dbs_only,dbs,"{""MWDS_AQ_MODE"": ""dbs""}",20260527
NDR,1,tech-ip.clq,deep-v6,2,2,standard_probe,guarded,"{""MWDS_AQ_MIN_FIRST_GAP"": ""0.0"", ""MWDS_AQ_MODE"": ""guarded"", ""MWDS_AQ_NORMAL_PROBE_FRAC"": ""0.15"", ""MWDS_AQ_PROBE_FRAC"": ""0.15""}",20260527
NDR,1,tech-ip.clq,deep-v6,3,1,dbs_only,dbs,"{""MWDS_AQ_MODE"": ""dbs""}",20260527
NDR,1,tech-ip.clq,deep-v6,3,2,heavy_probe,guarded,"{""MWDS_AQ_HEAVY_ANTS"": ""7"", ""MWDS_AQ_HEAVY_PROBE_FRAC"": ""0.25"", ""MWDS_AQ_MIN_FIRST_GAP"": ""0.0"", ""MWDS_AQ_MODE"": ""guarded"", ""MWDS_DEEP_AQ_T1LIKE_PROBE_FRAC"": ""0.25""}",20260527
NDR,1,tech-ip.clq,fast-v19,1,1,rollback_probe,guarded,"{""MWDS_AQ_MIN_FIRST_GAP"": ""0.0"", ""MWDS_AQ_MODE"": ""guarded"", ""MWDS_AQ_SLOPE_MARGIN"": ""999.0""}",20260527
NDR,1,tech-ip.clq,fast-v19,1,2,dbs_only,dbs,"{""MWDS_AQ_MODE"": ""dbs""}",20260527
NDR,1,tech-ip.clq,fast-v19,2,1,dbs_only,dbs,"{""MWDS_AQ_MODE"": ""dbs""}",20260527
NDR,1,tech-ip.clq,fast-v19,2,2,rollback_probe,guarded,"{""MWDS_AQ_MIN_FIRST_GAP"": ""0.0"", ""MWDS_AQ_MODE"": ""guarded"", ""MWDS_AQ_SLOPE_MARGIN"": ""999.0""}",20260527
NDR,1,tech-ip.clq,fast-v19,3,1,standard_probe,guarded,"{""MWDS_AQ_MIN_FIRST_GAP"": ""0.0"", ""MWDS_AQ_MODE"": ""guarded"", ""MWDS_AQ_NORMAL_PROBE_FRAC"": ""0.15"", ""MWDS_AQ_PROBE_FRAC"": ""0.15""}",20260527
NDR,1,tech-ip.clq,fast-v19,3,2,dbs_only,dbs,"{""MWDS_AQ_MODE"": ""dbs""}",20260527
NDR,2,web-it-2004.clq,deep-v6,1,1,rollback_probe,guarded,"{""MWDS_AQ_MIN_FIRST_GAP"": ""0.0"", ""MWDS_AQ_MODE"": ""guarded"", ""MWDS_AQ_SLOPE_MARGIN"": ""999.0""}",20260527
NDR,2,web-it-2004.clq,deep-v6,1,2,standard_probe,guarded,"{""MWDS_AQ_MIN_FIRST_GAP"": ""0.0"", ""MWDS_AQ_MODE"": ""guarded"", ""MWDS_AQ_NORMAL_PROBE_FRAC"": ""0.15"", ""MWDS_AQ_PROBE_FRAC"": ""0.15""}",20260527
NDR,2,web-it-2004.clq,deep-v6,2,1,dbs_only,dbs,"{""MWDS_AQ_MODE"": ""dbs""}",20260527
NDR,2,web-it-2004.clq,deep-v6,2,2,dbs_only,dbs,"{""MWDS_AQ_MODE"": ""dbs""}",20260527
NDR,2,web-it-2004.clq,deep-v6,3,1,dbs_only,dbs,"{""MWDS_AQ_MODE"": ""dbs""}",20260527
NDR,2,web-it-2004.clq,deep-v6,3,2,light_probe,guarded,"{""MWDS_AQ_MIN_FIRST_GAP"": ""0.0"", ""MWDS_AQ_MODE"": ""guarded"", ""MWDS_AQ_NORMAL_PROBE_FRAC"": ""0.05"", ""MWDS_AQ_PROBE_FRAC"": ""0.05"", ""MWDS_AQ_SMALL_PROBE_FRAC"": ""0.05""}",20260527
NDR,2,web-it-2004.clq,fast-v19,1,1,dbs_only,dbs,"{""MWDS_AQ_MODE"": ""dbs""}",20260527
NDR,2,web-it-2004.clq,fast-v19,1,2,light_probe,guarded,"{""MWDS_AQ_MIN_FIRST_GAP"": ""0.0"", ""MWDS_AQ_MODE"": ""guarded"", ""MWDS_AQ_NORMAL_PROBE_FRAC"": ""0.05"", ""MWDS_AQ_PROBE_FRAC"": ""0.05"", ""MWDS_AQ_SMALL_PROBE_FRAC"": ""0.05""}",20260527
NDR,2,web-it-2004.clq,fast-v19,2,1,rollback_probe,guarded,"{""MWDS_AQ_MIN_FIRST_GAP"": ""0.0"", ""MWDS_AQ_MODE"": ""guarded"", ""MWDS_AQ_SLOPE_MARGIN"": ""999.0""}",20260527
NDR,2,web-it-2004.clq,fast-v19,2,2,dbs_only,dbs,"{""MWDS_AQ_MODE"": ""dbs""}",20260527
NDR,2,web-it-2004.clq,fast-v19,3,1,dbs_only,dbs,"{""MWDS_AQ_MODE"": ""dbs""}",20260527
NDR,2,web-it-2004.clq,fast-v19,3,2,rollback_probe,guarded,"{""MWDS_AQ_MIN_FIRST_GAP"": ""0.0"", ""MWDS_AQ_MODE"": ""guarded"", ""MWDS_AQ_SLOPE_MARGIN"": ""999.0""}",20260527
NDR,3,sc-rel9.clq,deep-v6,1,1,standard_probe,guarded,"{""MWDS_AQ_MIN_FIRST_GAP"": ""0.0"", ""MWDS_AQ_MODE"": ""guarded"", ""MWDS_AQ_NORMAL_PROBE_FRAC"": ""0.15"", ""MWDS_AQ_PROBE_FRAC"": ""0.15""}",20260527
NDR,3,sc-rel9.clq,deep-v6,1,2,rollback_probe,guarded,"{""MWDS_AQ_MIN_FIRST_GAP"": ""0.0"", ""MWDS_AQ_MODE"": ""guarded"", ""MWDS_AQ_SLOPE_MARGIN"": ""999.0""}",20260527
NDR,3,sc-rel9.clq,deep-v6,2,1,dbs_only,dbs,"{""MWDS_AQ_MODE"": ""dbs""}",20260527
NDR,3,sc-rel9.clq,deep-v6,2,2,standard_probe,guarded,"{""MWDS_AQ_MIN_FIRST_GAP"": ""0.0"", ""MWDS_AQ_MODE"": ""guarded"", ""MWDS_AQ_NORMAL_PROBE_FRAC"": ""0.15"", ""MWDS_AQ_PROBE_FRAC"": ""0.15""}",20260527
NDR,3,sc-rel9.clq,deep-v6,3,1,standard_probe,guarded,"{""MWDS_AQ_MIN_FIRST_GAP"": ""0.0"", ""MWDS_AQ_MODE"": ""guarded"", ""MWDS_AQ_NORMAL_PROBE_FRAC"": ""0.15"", ""MWDS_AQ_PROBE_FRAC"": ""0.15""}",20260527
NDR,3,sc-rel9.clq,deep-v6,3,2,dbs_only,dbs,"{""MWDS_AQ_MODE"": ""dbs""}",20260527
NDR,3,sc-rel9.clq,fast-v19,1,1,standard_probe,guarded,"{""MWDS_AQ_MIN_FIRST_GAP"": ""0.0"", ""MWDS_AQ_MODE"": ""guarded"", ""MWDS_AQ_NORMAL_PROBE_FRAC"": ""0.15"", ""MWDS_AQ_PROBE_FRAC"": ""0.15""}",20260527
NDR,3,sc-rel9.clq,fast-v19,1,2,dbs_only,dbs,"{""MWDS_AQ_MODE"": ""dbs""}",20260527
NDR,3,sc-rel9.clq,fast-v19,2,1,light_probe,guarded,"{""MWDS_AQ_MIN_FIRST_GAP"": ""0.0"", ""MWDS_AQ_MODE"": ""guarded"", ""MWDS_AQ_NORMAL_PROBE_FRAC"": ""0.05"", ""MWDS_AQ_PROBE_FRAC"": ""0.05"", ""MWDS_AQ_SMALL_PROBE_FRAC"": ""0.05""}",20260527
NDR,3,sc-rel9.clq,fast-v19,2,2,heavy_probe,guarded,"{""MWDS_AQ_HEAVY_ANTS"": ""7"", ""MWDS_AQ_HEAVY_PROBE_FRAC"": ""0.25"", ""MWDS_AQ_MIN_FIRST_GAP"": ""0.0"", ""MWDS_AQ_MODE"": ""guarded"", ""MWDS_DEEP_AQ_T1LIKE_PROBE_FRAC"": ""0.25""}",20260527
NDR,3,sc-rel9.clq,fast-v19,3,1,heavy_probe,guarded,"{""MWDS_AQ_HEAVY_ANTS"": ""7"", ""MWDS_AQ_HEAVY_PROBE_FRAC"": ""0.25"", ""MWDS_AQ_MIN_FIRST_GAP"": ""0.0"", ""MWDS_AQ_MODE"": ""guarded"", ""MWDS_DEEP_AQ_T1LIKE_PROBE_FRAC"": ""0.25""}",20260527
NDR,3,sc-rel9.clq,fast-v19,3,2,dbs_only,dbs,"{""MWDS_AQ_MODE"": ""dbs""}",20260527
NDR,4,inf-roadNet-CA.clq,deep-v6,1,1,light_probe,guarded,"{""MWDS_AQ_MIN_FIRST_GAP"": ""0.0"", ""MWDS_AQ_MODE"": ""guarded"", ""MWDS_AQ_NORMAL_PROBE_FRAC"": ""0.05"", ""MWDS_AQ_PROBE_FRAC"": ""0.05"", ""MWDS_AQ_SMALL_PROBE_FRAC"": ""0.05""}",20260527
NDR,4,inf-roadNet-CA.clq,deep-v6,1,2,dbs_only,dbs,"{""MWDS_AQ_MODE"": ""dbs""}",20260527
NDR,4,inf-roadNet-CA.clq,deep-v6,2,1,standard_probe,guarded,"{""MWDS_AQ_MIN_FIRST_GAP"": ""0.0"", ""MWDS_AQ_MODE"": ""guarded"", ""MWDS_AQ_NORMAL_PROBE_FRAC"": ""0.15"", ""MWDS_AQ_PROBE_FRAC"": ""0.15""}",20260527
NDR,4,inf-roadNet-CA.clq,deep-v6,2,2,standard_probe,guarded,"{""MWDS_AQ_MIN_FIRST_GAP"": ""0.0"", ""MWDS_AQ_MODE"": ""guarded"", ""MWDS_AQ_NORMAL_PROBE_FRAC"": ""0.15"", ""MWDS_AQ_PROBE_FRAC"": ""0.15""}",20260527
NDR,4,inf-roadNet-CA.clq,deep-v6,3,1,dbs_only,dbs,"{""MWDS_AQ_MODE"": ""dbs""}",20260527
NDR,4,inf-roadNet-CA.clq,deep-v6,3,2,standard_probe,guarded,"{""MWDS_AQ_MIN_FIRST_GAP"": ""0.0"", ""MWDS_AQ_MODE"": ""guarded"", ""MWDS_AQ_NORMAL_PROBE_FRAC"": ""0.15"", ""MWDS_AQ_PROBE_FRAC"": ""0.15""}",20260527
NDR,4,inf-roadNet-CA.clq,fast-v19,1,1,rollback_probe,guarded,"{""MWDS_AQ_MIN_FIRST_GAP"": ""0.0"", ""MWDS_AQ_MODE"": ""guarded"", ""MWDS_AQ_SLOPE_MARGIN"": ""999.0""}",20260527
NDR,4,inf-roadNet-CA.clq,fast-v19,1,2,dbs_only,dbs,"{""MWDS_AQ_MODE"": ""dbs""}",20260527
NDR,4,inf-roadNet-CA.clq,fast-v19,2,1,rollback_probe,guarded,"{""MWDS_AQ_MIN_FIRST_GAP"": ""0.0"", ""MWDS_AQ_MODE"": ""guarded"", ""MWDS_AQ_SLOPE_MARGIN"": ""999.0""}",20260527
NDR,4,inf-roadNet-CA.clq,fast-v19,2,2,dbs_only,dbs,"{""MWDS_AQ_MODE"": ""dbs""}",20260527
NDR,4,inf-roadNet-CA.clq,fast-v19,3,1,standard_probe,guarded,"{""MWDS_AQ_MIN_FIRST_GAP"": ""0.0"", ""MWDS_AQ_MODE"": ""guarded"", ""MWDS_AQ_NORMAL_PROBE_FRAC"": ""0.15"", ""MWDS_AQ_PROBE_FRAC"": ""0.15""}",20260527
NDR,4,inf-roadNet-CA.clq,fast-v19,3,2,standard_probe,guarded,"{""MWDS_AQ_MIN_FIRST_GAP"": ""0.0"", ""MWDS_AQ_MODE"": ""guarded"", ""MWDS_AQ_NORMAL_PROBE_FRAC"": ""0.15"", ""MWDS_AQ_PROBE_FRAC"": ""0.15""}",20260527
NDR,5,wikipedia_link_en.clq,deep-v6,1,1,dbs_only,dbs,"{""MWDS_AQ_MODE"": ""dbs""}",20260527
NDR,5,wikipedia_link_en.clq,deep-v6,1,2,dbs_only,dbs,"{""MWDS_AQ_MODE"": ""dbs""}",20260527
NDR,5,wikipedia_link_en.clq,deep-v6,2,1,heavy_probe,guarded,"{""MWDS_AQ_HEAVY_ANTS"": ""7"", ""MWDS_AQ_HEAVY_PROBE_FRAC"": ""0.25"", ""MWDS_AQ_MIN_FIRST_GAP"": ""0.0"", ""MWDS_AQ_MODE"": ""guarded"", ""MWDS_DEEP_AQ_T1LIKE_PROBE_FRAC"": ""0.25""}",20260527
NDR,5,wikipedia_link_en.clq,deep-v6,2,2,light_probe,guarded,"{""MWDS_AQ_MIN_FIRST_GAP"": ""0.0"", ""MWDS_AQ_MODE"": ""guarded"", ""MWDS_AQ_NORMAL_PROBE_FRAC"": ""0.05"", ""MWDS_AQ_PROBE_FRAC"": ""0.05"", ""MWDS_AQ_SMALL_PROBE_FRAC"": ""0.05""}",20260527
NDR,5,wikipedia_link_en.clq,deep-v6,3,1,dbs_only,dbs,"{""MWDS_AQ_MODE"": ""dbs""}",20260527
NDR,5,wikipedia_link_en.clq,deep-v6,3,2,rollback_probe,guarded,"{""MWDS_AQ_MIN_FIRST_GAP"": ""0.0"", ""MWDS_AQ_MODE"": ""guarded"", ""MWDS_AQ_SLOPE_MARGIN"": ""999.0""}",20260527
NDR,5,wikipedia_link_en.clq,fast-v19,1,1,heavy_probe,guarded,"{""MWDS_AQ_HEAVY_ANTS"": ""7"", ""MWDS_AQ_HEAVY_PROBE_FRAC"": ""0.25"", ""MWDS_AQ_MIN_FIRST_GAP"": ""0.0"", ""MWDS_AQ_MODE"": ""guarded"", ""MWDS_DEEP_AQ_T1LIKE_PROBE_FRAC"": ""0.25""}",20260527
NDR,5,wikipedia_link_en.clq,fast-v19,1,2,standard_probe,guarded,"{""MWDS_AQ_MIN_FIRST_GAP"": ""0.0"", ""MWDS_AQ_MODE"": ""guarded"", ""MWDS_AQ_NORMAL_PROBE_FRAC"": ""0.15"", ""MWDS_AQ_PROBE_FRAC"": ""0.15""}",20260527
NDR,5,wikipedia_link_en.clq,fast-v19,2,1,light_probe,guarded,"{""MWDS_AQ_MIN_FIRST_GAP"": ""0.0"", ""MWDS_AQ_MODE"": ""guarded"", ""MWDS_AQ_NORMAL_PROBE_FRAC"": ""0.05"", ""MWDS_AQ_PROBE_FRAC"": ""0.05"", ""MWDS_AQ_SMALL_PROBE_FRAC"": ""0.05""}",20260527
NDR,5,wikipedia_link_en.clq,fast-v19,2,2,rollback_probe,guarded,"{""MWDS_AQ_MIN_FIRST_GAP"": ""0.0"", ""MWDS_AQ_MODE"": ""guarded"", ""MWDS_AQ_SLOPE_MARGIN"": ""999.0""}",20260527
NDR,5,wikipedia_link_en.clq,fast-v19,3,1,light_probe,guarded,"{""MWDS_AQ_MIN_FIRST_GAP"": ""0.0"", ""MWDS_AQ_MODE"": ""guarded"", ""MWDS_AQ_NORMAL_PROBE_FRAC"": ""0.05"", ""MWDS_AQ_PROBE_FRAC"": ""0.05"", ""MWDS_AQ_SMALL_PROBE_FRAC"": ""0.05""}",20260527
NDR,5,wikipedia_link_en.clq,fast-v19,3,2,heavy_probe,guarded,"{""MWDS_AQ_HEAVY_ANTS"": ""7"", ""MWDS_AQ_HEAVY_PROBE_FRAC"": ""0.25"", ""MWDS_AQ_MIN_FIRST_GAP"": ""0.0"", ""MWDS_AQ_MODE"": ""guarded"", ""MWDS_DEEP_AQ_T1LIKE_PROBE_FRAC"": ""0.25""}",20260527
